-- =============================================
-- FOOTORY 시드 데이터
-- 실행: Supabase Dashboard > SQL Editor에서 실행
-- 삭제: unseed.sql 실행
-- =============================================

-- =============================================
-- 1. Auth Users (15명)
-- 트리거(handle_new_user)가 자동으로 profiles를 생성하므로
-- auth.users INSERT 후 profiles를 UPDATE로 덮어씀
-- =============================================
INSERT INTO auth.users (id, instance_id, aud, role, email, encrypted_password, email_confirmed_at, created_at, updated_at, raw_app_meta_data, raw_user_meta_data, confirmation_token, recovery_token, is_super_admin)
VALUES
  -- 수원FC U-15
  ('a0000001-0000-0000-0000-000000000001', '00000000-0000-0000-0000-000000000000', 'authenticated', 'authenticated', 'minjun.kim@test.footory.kr', crypt('Test1234!', gen_salt('bf')), NOW(), NOW() - INTERVAL '45 days', NOW(), '{"provider":"email","providers":["email"]}', '{}', '', '', false),
  ('a0000002-0000-0000-0000-000000000002', '00000000-0000-0000-0000-000000000000', 'authenticated', 'authenticated', 'seojun.lee@test.footory.kr', crypt('Test1234!', gen_salt('bf')), NOW(), NOW() - INTERVAL '42 days', NOW(), '{"provider":"email","providers":["email"]}', '{}', '', '', false),
  ('a0000003-0000-0000-0000-000000000003', '00000000-0000-0000-0000-000000000000', 'authenticated', 'authenticated', 'doyun.park@test.footory.kr', crypt('Test1234!', gen_salt('bf')), NOW(), NOW() - INTERVAL '40 days', NOW(), '{"provider":"email","providers":["email"]}', '{}', '', '', false),
  ('a0000004-0000-0000-0000-000000000004', '00000000-0000-0000-0000-000000000000', 'authenticated', 'authenticated', 'hajun.jung@test.footory.kr', crypt('Test1234!', gen_salt('bf')), NOW(), NOW() - INTERVAL '38 days', NOW(), '{"provider":"email","providers":["email"]}', '{}', '', '', false),
  ('a0000005-0000-0000-0000-000000000005', '00000000-0000-0000-0000-000000000000', 'authenticated', 'authenticated', 'siwoo.choi@test.footory.kr', crypt('Test1234!', gen_salt('bf')), NOW(), NOW() - INTERVAL '36 days', NOW(), '{"provider":"email","providers":["email"]}', '{}', '', '', false),
  -- 성남FC U-15
  ('a0000006-0000-0000-0000-000000000006', '00000000-0000-0000-0000-000000000000', 'authenticated', 'authenticated', 'jiho.kang@test.footory.kr', crypt('Test1234!', gen_salt('bf')), NOW(), NOW() - INTERVAL '44 days', NOW(), '{"provider":"email","providers":["email"]}', '{}', '', '', false),
  ('a0000007-0000-0000-0000-000000000007', '00000000-0000-0000-0000-000000000000', 'authenticated', 'authenticated', 'junseo.yoon@test.footory.kr', crypt('Test1234!', gen_salt('bf')), NOW(), NOW() - INTERVAL '41 days', NOW(), '{"provider":"email","providers":["email"]}', '{}', '', '', false),
  ('a0000008-0000-0000-0000-000000000008', '00000000-0000-0000-0000-000000000000', 'authenticated', 'authenticated', 'yejun.lim@test.footory.kr', crypt('Test1234!', gen_salt('bf')), NOW(), NOW() - INTERVAL '39 days', NOW(), '{"provider":"email","providers":["email"]}', '{}', '', '', false),
  ('a0000009-0000-0000-0000-000000000009', '00000000-0000-0000-0000-000000000000', 'authenticated', 'authenticated', 'gunwoo.han@test.footory.kr', crypt('Test1234!', gen_salt('bf')), NOW(), NOW() - INTERVAL '37 days', NOW(), '{"provider":"email","providers":["email"]}', '{}', '', '', false),
  ('a0000010-0000-0000-0000-000000000010', '00000000-0000-0000-0000-000000000000', 'authenticated', 'authenticated', 'yujun.oh@test.footory.kr', crypt('Test1234!', gen_salt('bf')), NOW(), NOW() - INTERVAL '35 days', NOW(), '{"provider":"email","providers":["email"]}', '{}', '', '', false),
  -- 부산아이파크 U-15
  ('a0000011-0000-0000-0000-000000000011', '00000000-0000-0000-0000-000000000000', 'authenticated', 'authenticated', 'hyunwoo.seo@test.footory.kr', crypt('Test1234!', gen_salt('bf')), NOW(), NOW() - INTERVAL '43 days', NOW(), '{"provider":"email","providers":["email"]}', '{}', '', '', false),
  ('a0000012-0000-0000-0000-000000000012', '00000000-0000-0000-0000-000000000000', 'authenticated', 'authenticated', 'junhyuk.bae@test.footory.kr', crypt('Test1234!', gen_salt('bf')), NOW(), NOW() - INTERVAL '40 days', NOW(), '{"provider":"email","providers":["email"]}', '{}', '', '', false),
  ('a0000013-0000-0000-0000-000000000013', '00000000-0000-0000-0000-000000000000', 'authenticated', 'authenticated', 'taemin.shin@test.footory.kr', crypt('Test1234!', gen_salt('bf')), NOW(), NOW() - INTERVAL '38 days', NOW(), '{"provider":"email","providers":["email"]}', '{}', '', '', false),
  ('a0000014-0000-0000-0000-000000000014', '00000000-0000-0000-0000-000000000000', 'authenticated', 'authenticated', 'minseo.ryu@test.footory.kr', crypt('Test1234!', gen_salt('bf')), NOW(), NOW() - INTERVAL '36 days', NOW(), '{"provider":"email","providers":["email"]}', '{}', '', '', false),
  ('a0000015-0000-0000-0000-000000000015', '00000000-0000-0000-0000-000000000000', 'authenticated', 'authenticated', 'woojin.jang@test.footory.kr', crypt('Test1234!', gen_salt('bf')), NOW(), NOW() - INTERVAL '34 days', NOW(), '{"provider":"email","providers":["email"]}', '{}', '', '', false)
ON CONFLICT (id) DO NOTHING;

-- auth.identities (Supabase Auth가 요구)
INSERT INTO auth.identities (id, user_id, provider_id, identity_data, provider, last_sign_in_at, created_at, updated_at)
SELECT id, id, id, json_build_object('sub', id, 'email', email), 'email', NOW(), NOW(), NOW()
FROM auth.users
WHERE id IN (
  'a0000001-0000-0000-0000-000000000001', 'a0000002-0000-0000-0000-000000000002',
  'a0000003-0000-0000-0000-000000000003', 'a0000004-0000-0000-0000-000000000004',
  'a0000005-0000-0000-0000-000000000005', 'a0000006-0000-0000-0000-000000000006',
  'a0000007-0000-0000-0000-000000000007', 'a0000008-0000-0000-0000-000000000008',
  'a0000009-0000-0000-0000-000000000009', 'a0000010-0000-0000-0000-000000000010',
  'a0000011-0000-0000-0000-000000000011', 'a0000012-0000-0000-0000-000000000012',
  'a0000013-0000-0000-0000-000000000013', 'a0000014-0000-0000-0000-000000000014',
  'a0000015-0000-0000-0000-000000000015'
)
ON CONFLICT (id) DO NOTHING;

-- =============================================
-- 2. Profiles — UPDATE (트리거가 이미 생성한 row를 덮어씀)
-- =============================================
UPDATE profiles SET role='player', handle='minjun_10', name='김민준', position='FW', birth_year=2010, city='수원', bio='수원FC U-15 에이스 스트라이커. 왼발 슈팅이 무기. 2025 전국소년체전 득점왕.', level=4, followers_count=128, following_count=45, views_count=2340, created_at=NOW()-INTERVAL '45 days' WHERE id='a0000001-0000-0000-0000-000000000001';
UPDATE profiles SET role='player', handle='seojun_8', name='이서준', position='MF', birth_year=2011, city='수원', bio='수원FC U-15 중앙 미드필더. 시야가 넓고 패스 정확도가 높음. 경기를 읽는 눈이 뛰어남.', level=3, followers_count=87, following_count=62, views_count=1520, created_at=NOW()-INTERVAL '42 days' WHERE id='a0000002-0000-0000-0000-000000000002';
UPDATE profiles SET role='player', handle='doyun_cb4', name='박도윤', position='DF', birth_year=2010, city='수원', bio='수원FC U-15 센터백. 헤딩 경합 승률 78%. 대인 마크 전문.', level=3, followers_count=56, following_count=38, views_count=890, created_at=NOW()-INTERVAL '40 days' WHERE id='a0000003-0000-0000-0000-000000000003';
UPDATE profiles SET role='player', handle='hajun_gk1', name='정하준', position='GK', birth_year=2010, city='화성', bio='수원FC U-15 정골키퍼. 반사신경이 빠르고 빌드업 참여에 적극적.', level=3, followers_count=43, following_count=29, views_count=670, created_at=NOW()-INTERVAL '38 days' WHERE id='a0000004-0000-0000-0000-000000000004';
UPDATE profiles SET role='player', handle='siwoo_7', name='최시우', position='MF', birth_year=2011, city='수원', bio='수원FC U-15 윙어. 스피드와 드리블이 장점. 1대1 돌파 성공률 높음.', level=3, followers_count=95, following_count=51, views_count=1780, created_at=NOW()-INTERVAL '36 days' WHERE id='a0000005-0000-0000-0000-000000000005';

UPDATE profiles SET role='player', handle='jiho_9', name='강지호', position='FW', birth_year=2010, city='성남', bio='성남FC U-15 공격수. 폭발적인 가속력과 침착한 마무리. 2025 금석배 MVP.', level=4, followers_count=156, following_count=48, views_count=3120, created_at=NOW()-INTERVAL '44 days' WHERE id='a0000006-0000-0000-0000-000000000006';
UPDATE profiles SET role='player', handle='junseo_6', name='윤준서', position='MF', birth_year=2011, city='분당', bio='성남FC U-15 수비형 미드필더. 볼 탈취 능력이 출중. 경기당 인터셉트 평균 3.2회.', level=3, followers_count=72, following_count=55, views_count=1340, created_at=NOW()-INTERVAL '41 days' WHERE id='a0000007-0000-0000-0000-000000000007';
UPDATE profiles SET role='player', handle='yejun_cb3', name='임예준', position='DF', birth_year=2010, city='성남', bio='성남FC U-15 센터백. 빌드업 능력이 좋은 수비수. 롱패스 정확도 높음.', level=3, followers_count=48, following_count=33, views_count=720, created_at=NOW()-INTERVAL '39 days' WHERE id='a0000008-0000-0000-0000-000000000008';
UPDATE profiles SET role='player', handle='gunwoo_11', name='한건우', position='FW', birth_year=2011, city='광주', bio='성남FC U-15 세컨드 스트라이커. 공간 침투와 연계 플레이에 강함.', level=2, followers_count=64, following_count=47, views_count=980, created_at=NOW()-INTERVAL '37 days' WHERE id='a0000009-0000-0000-0000-000000000009';
UPDATE profiles SET role='player', handle='yujun_gk12', name='오유준', position='GK', birth_year=2010, city='성남', bio='성남FC U-15 골키퍼. 키 175cm. 펀칭과 하이볼 처리에 안정적.', level=2, followers_count=31, following_count=22, views_count=450, created_at=NOW()-INTERVAL '35 days' WHERE id='a0000010-0000-0000-0000-000000000010';

UPDATE profiles SET role='player', handle='hyunwoo_8', name='서현우', position='MF', birth_year=2010, city='부산', bio='부산아이파크 U-15 캡틴. 공격형 미드필더. 프리킥 스페셜리스트. 2025 화랑대기 베스트11.', level=4, followers_count=142, following_count=58, views_count=2890, created_at=NOW()-INTERVAL '43 days' WHERE id='a0000011-0000-0000-0000-000000000011';
UPDATE profiles SET role='player', handle='junhyuk_9', name='배준혁', position='FW', birth_year=2011, city='부산', bio='부산아이파크 U-15 스트라이커. 피지컬이 좋고 공중볼 경합에 강함.', level=3, followers_count=89, following_count=44, views_count=1650, created_at=NOW()-INTERVAL '40 days' WHERE id='a0000012-0000-0000-0000-000000000012';
UPDATE profiles SET role='player', handle='taemin_cb5', name='신태민', position='DF', birth_year=2010, city='부산', bio='부산아이파크 U-15 풀백. 오버래핑이 과감하고 크로스 정확도가 높음.', level=3, followers_count=53, following_count=36, views_count=810, created_at=NOW()-INTERVAL '38 days' WHERE id='a0000013-0000-0000-0000-000000000013';
UPDATE profiles SET role='player', handle='minseo_77', name='류민서', position='MF', birth_year=2011, city='김해', bio='부산아이파크 U-15 중앙 미드필더. 볼 소유 시 안정감이 뛰어남. 양발 모두 사용 가능.', level=2, followers_count=41, following_count=30, views_count=620, created_at=NOW()-INTERVAL '36 days' WHERE id='a0000014-0000-0000-0000-000000000014';
UPDATE profiles SET role='player', handle='woojin_gk21', name='장우진', position='GK', birth_year=2010, city='부산', bio='부산아이파크 U-15 골키퍼. 1대1 상황에서 강한 세이브력. 발 기술도 좋음.', level=2, followers_count=28, following_count=19, views_count=380, created_at=NOW()-INTERVAL '34 days' WHERE id='a0000015-0000-0000-0000-000000000015';

-- =============================================
-- 3. Teams (3팀)
-- =============================================
-- 핸들이 충돌하는 임시 데이터가 있으면 정리 후 고정 ID로 재시드
DELETE FROM teams
WHERE handle IN ('suwon-fc-u15', 'seongnam-fc-u15', 'busan-ipark-u15')
  AND id NOT IN (
    'b0000000-0000-0000-0000-000000000001',
    'b0000000-0000-0000-0000-000000000002',
    'b0000000-0000-0000-0000-000000000003'
  );

INSERT INTO teams (id, handle, name, logo_url, description, city, founded_year, invite_code, created_by, created_at) VALUES
  ('b0000000-0000-0000-0000-000000000001', 'suwon-fc-u15', '수원FC U-15', 'https://r2.thesportsdb.com/images/media/team/badge/x39pm41589559443.png', '수원FC 유소년 축구팀. K리그1 수원FC 산하 U-15 팀. 체계적인 훈련 시스템과 우수한 시설을 보유.', '수원', 2004, 'suwon15a', 'a0000001-0000-0000-0000-000000000001', NOW() - INTERVAL '60 days'),
  ('b0000000-0000-0000-0000-000000000002', 'seongnam-fc-u15', '성남FC U-15', 'https://www.thesportsdb.com/images/media/team/badge/cjt4z31769097634.png', '성남FC 유소년 축구팀. K리그 성남FC 산하 U-15 팀. 기술 축구를 지향하며 많은 프로 선수를 배출.', '성남', 2003, 'snam15b', 'a0000006-0000-0000-0000-000000000006', NOW() - INTERVAL '58 days'),
  ('b0000000-0000-0000-0000-000000000003', 'busan-ipark-u15', '부산아이파크 U-15', 'https://r2.thesportsdb.com/images/media/team/badge/rc0vie1579473061.png', '부산아이파크 유소년 축구팀. 부산 지역 최고의 유스 시스템. 강인한 체력과 투지의 축구.', '부산', 2005, 'busan15c', 'a0000011-0000-0000-0000-000000000011', NOW() - INTERVAL '55 days')
ON CONFLICT (id) DO UPDATE SET
  handle = EXCLUDED.handle,
  name = EXCLUDED.name,
  logo_url = EXCLUDED.logo_url,
  description = EXCLUDED.description,
  city = EXCLUDED.city,
  founded_year = EXCLUDED.founded_year,
  invite_code = EXCLUDED.invite_code,
  created_by = EXCLUDED.created_by;

-- =============================================
-- 4. Team Members
-- =============================================
INSERT INTO team_members (team_id, profile_id, role) VALUES
  -- 수원FC
  ('b0000000-0000-0000-0000-000000000001', 'a0000001-0000-0000-0000-000000000001', 'admin'),
  ('b0000000-0000-0000-0000-000000000001', 'a0000002-0000-0000-0000-000000000002', 'member'),
  ('b0000000-0000-0000-0000-000000000001', 'a0000003-0000-0000-0000-000000000003', 'member'),
  ('b0000000-0000-0000-0000-000000000001', 'a0000004-0000-0000-0000-000000000004', 'member'),
  ('b0000000-0000-0000-0000-000000000001', 'a0000005-0000-0000-0000-000000000005', 'member'),
  -- 성남FC
  ('b0000000-0000-0000-0000-000000000002', 'a0000006-0000-0000-0000-000000000006', 'admin'),
  ('b0000000-0000-0000-0000-000000000002', 'a0000007-0000-0000-0000-000000000007', 'member'),
  ('b0000000-0000-0000-0000-000000000002', 'a0000008-0000-0000-0000-000000000008', 'member'),
  ('b0000000-0000-0000-0000-000000000002', 'a0000009-0000-0000-0000-000000000009', 'member'),
  ('b0000000-0000-0000-0000-000000000002', 'a0000010-0000-0000-0000-000000000010', 'member'),
  -- 부산아이파크
  ('b0000000-0000-0000-0000-000000000003', 'a0000011-0000-0000-0000-000000000011', 'admin'),
  ('b0000000-0000-0000-0000-000000000003', 'a0000012-0000-0000-0000-000000000012', 'member'),
  ('b0000000-0000-0000-0000-000000000003', 'a0000013-0000-0000-0000-000000000013', 'member'),
  ('b0000000-0000-0000-0000-000000000003', 'a0000014-0000-0000-0000-000000000014', 'member'),
  ('b0000000-0000-0000-0000-000000000003', 'a0000015-0000-0000-0000-000000000015', 'member')
ON CONFLICT (team_id, profile_id) DO UPDATE SET
  role = EXCLUDED.role;

-- =============================================
-- 5. Clips (선수당 2~3개, 총 40개)
-- 영상 URL은 공개 샘플 — 실제 R2 업로드 후 교체 필요
-- =============================================
-- 공개 샘플 비디오 (축구 관련 free stock)
-- 실제 운영 시 R2 URL로 교체

INSERT INTO clips (id, owner_id, video_url, thumbnail_url, duration_seconds, file_size_bytes, memo, highlight_status, highlight_start, highlight_end, created_at) VALUES
  -- 김민준 (수원 FW) — 3클립
  ('c0000000-0000-0000-0000-000000000001', 'a0000001-0000-0000-0000-000000000001', 'https://videos.pexels.com/video-files/3571264/3571264-hd_1920_1080_30fps.mp4', NULL, 32, 4800000, '전국소년체전 준결승 득점 장면', 'done', 8, 22, NOW() - INTERVAL '30 days'),
  ('c0000000-0000-0000-0000-000000000002', 'a0000001-0000-0000-0000-000000000001', 'https://videos.pexels.com/video-files/3571264/3571264-hd_1920_1080_30fps.mp4', NULL, 45, 6200000, '수원FC vs 성남FC 연습경기 왼발 중거리슛', 'done', 12, 30, NOW() - INTERVAL '22 days'),
  ('c0000000-0000-0000-0000-000000000003', 'a0000001-0000-0000-0000-000000000001', 'https://videos.pexels.com/video-files/3571264/3571264-hd_1920_1080_30fps.mp4', NULL, 28, 3900000, '1대1 드리블 돌파 후 어시스트', 'done', 5, 20, NOW() - INTERVAL '10 days'),

  -- 이서준 (수원 MF) — 2클립
  ('c0000000-0000-0000-0000-000000000004', 'a0000002-0000-0000-0000-000000000002', 'https://videos.pexels.com/video-files/3571264/3571264-hd_1920_1080_30fps.mp4', NULL, 38, 5100000, '킬패스 모음 — 화성원정 경기', 'done', 10, 32, NOW() - INTERVAL '28 days'),
  ('c0000000-0000-0000-0000-000000000005', 'a0000002-0000-0000-0000-000000000002', 'https://videos.pexels.com/video-files/3571264/3571264-hd_1920_1080_30fps.mp4', NULL, 25, 3400000, '중앙에서 수비 라인 쪼개는 스루패스', 'done', 3, 18, NOW() - INTERVAL '15 days'),

  -- 박도윤 (수원 DF) — 2클립
  ('c0000000-0000-0000-0000-000000000006', 'a0000003-0000-0000-0000-000000000003', 'https://videos.pexels.com/video-files/3571264/3571264-hd_1920_1080_30fps.mp4', NULL, 35, 4700000, '코너킥 헤딩 득점 + 수비 장면', 'done', 8, 28, NOW() - INTERVAL '25 days'),
  ('c0000000-0000-0000-0000-000000000007', 'a0000003-0000-0000-0000-000000000003', 'https://videos.pexels.com/video-files/3571264/3571264-hd_1920_1080_30fps.mp4', NULL, 40, 5500000, '1대1 대인마크 수비 모음', 'done', 5, 35, NOW() - INTERVAL '12 days'),

  -- 정하준 (수원 GK) — 2클립
  ('c0000000-0000-0000-0000-000000000008', 'a0000004-0000-0000-0000-000000000004', 'https://videos.pexels.com/video-files/3571264/3571264-hd_1920_1080_30fps.mp4', NULL, 30, 4100000, 'PK 세이브 + 빌드업 롱킥', 'done', 6, 24, NOW() - INTERVAL '20 days'),
  ('c0000000-0000-0000-0000-000000000009', 'a0000004-0000-0000-0000-000000000004', 'https://videos.pexels.com/video-files/3571264/3571264-hd_1920_1080_30fps.mp4', NULL, 22, 3000000, '1대1 세이브 하이라이트', 'done', 4, 18, NOW() - INTERVAL '8 days'),

  -- 최시우 (수원 MF/윙어) — 3클립
  ('c0000000-0000-0000-0000-000000000010', 'a0000005-0000-0000-0000-000000000005', 'https://videos.pexels.com/video-files/3571264/3571264-hd_1920_1080_30fps.mp4', NULL, 42, 5800000, '우측 윙 돌파 후 크로스 3연속', 'done', 8, 38, NOW() - INTERVAL '26 days'),
  ('c0000000-0000-0000-0000-000000000011', 'a0000005-0000-0000-0000-000000000005', 'https://videos.pexels.com/video-files/3571264/3571264-hd_1920_1080_30fps.mp4', NULL, 18, 2500000, '스피드 질주 → 컷인 슈팅', 'done', 2, 15, NOW() - INTERVAL '14 days'),
  ('c0000000-0000-0000-0000-000000000012', 'a0000005-0000-0000-0000-000000000005', 'https://videos.pexels.com/video-files/3571264/3571264-hd_1920_1080_30fps.mp4', NULL, 33, 4500000, '1대1 돌파 성공 모음', 'done', 5, 28, NOW() - INTERVAL '5 days'),

  -- 강지호 (성남 FW) — 3클립
  ('c0000000-0000-0000-0000-000000000013', 'a0000006-0000-0000-0000-000000000006', 'https://videos.pexels.com/video-files/3571264/3571264-hd_1920_1080_30fps.mp4', NULL, 50, 7200000, '금석배 결승 해트트릭 풀영상', 'done', 5, 45, NOW() - INTERVAL '35 days'),
  ('c0000000-0000-0000-0000-000000000014', 'a0000006-0000-0000-0000-000000000006', 'https://videos.pexels.com/video-files/3571264/3571264-hd_1920_1080_30fps.mp4', NULL, 30, 4200000, '가속 드리블 + 오른발 슈팅', 'done', 8, 25, NOW() - INTERVAL '20 days'),
  ('c0000000-0000-0000-0000-000000000015', 'a0000006-0000-0000-0000-000000000006', 'https://videos.pexels.com/video-files/3571264/3571264-hd_1920_1080_30fps.mp4', NULL, 26, 3600000, '수비 뒤 공간 침투 → 골', 'done', 4, 22, NOW() - INTERVAL '7 days'),

  -- 윤준서 (성남 MF) — 2클립
  ('c0000000-0000-0000-0000-000000000016', 'a0000007-0000-0000-0000-000000000007', 'https://videos.pexels.com/video-files/3571264/3571264-hd_1920_1080_30fps.mp4', NULL, 35, 4800000, '볼 탈취 → 역습 전개 모음', 'done', 6, 30, NOW() - INTERVAL '27 days'),
  ('c0000000-0000-0000-0000-000000000017', 'a0000007-0000-0000-0000-000000000007', 'https://videos.pexels.com/video-files/3571264/3571264-hd_1920_1080_30fps.mp4', NULL, 28, 3800000, '인터셉트 후 전방 패스 연결', 'done', 5, 22, NOW() - INTERVAL '11 days'),

  -- 임예준 (성남 DF) — 2클립
  ('c0000000-0000-0000-0000-000000000018', 'a0000008-0000-0000-0000-000000000008', 'https://videos.pexels.com/video-files/3571264/3571264-hd_1920_1080_30fps.mp4', NULL, 38, 5200000, '빌드업 롱패스 정확도 하이라이트', 'done', 10, 32, NOW() - INTERVAL '24 days'),
  ('c0000000-0000-0000-0000-000000000019', 'a0000008-0000-0000-0000-000000000008', 'https://videos.pexels.com/video-files/3571264/3571264-hd_1920_1080_30fps.mp4', NULL, 25, 3400000, '태클 + 클리어 수비 장면', 'done', 3, 20, NOW() - INTERVAL '9 days'),

  -- 한건우 (성남 FW) — 2클립
  ('c0000000-0000-0000-0000-000000000020', 'a0000009-0000-0000-0000-000000000009', 'https://videos.pexels.com/video-files/3571264/3571264-hd_1920_1080_30fps.mp4', NULL, 32, 4400000, '공간 침투 후 원터치 슈팅', 'done', 8, 26, NOW() - INTERVAL '21 days'),
  ('c0000000-0000-0000-0000-000000000021', 'a0000009-0000-0000-0000-000000000009', 'https://videos.pexels.com/video-files/3571264/3571264-hd_1920_1080_30fps.mp4', NULL, 20, 2800000, '포스트 플레이 → 연계 득점', 'done', 4, 16, NOW() - INTERVAL '6 days'),

  -- 오유준 (성남 GK) — 2클립
  ('c0000000-0000-0000-0000-000000000022', 'a0000010-0000-0000-0000-000000000010', 'https://videos.pexels.com/video-files/3571264/3571264-hd_1920_1080_30fps.mp4', NULL, 28, 3800000, '하이볼 펀칭 처리 모음', 'done', 5, 22, NOW() - INTERVAL '18 days'),
  ('c0000000-0000-0000-0000-000000000023', 'a0000010-0000-0000-0000-000000000010', 'https://videos.pexels.com/video-files/3571264/3571264-hd_1920_1080_30fps.mp4', NULL, 35, 4900000, '근거리 슈팅 세이브', 'done', 8, 28, NOW() - INTERVAL '4 days'),

  -- 서현우 (부산 MF) — 3클립
  ('c0000000-0000-0000-0000-000000000024', 'a0000011-0000-0000-0000-000000000011', 'https://videos.pexels.com/video-files/3571264/3571264-hd_1920_1080_30fps.mp4', NULL, 45, 6300000, '화랑대기 준결승 프리킥 골 + 어시스트', 'done', 10, 40, NOW() - INTERVAL '32 days'),
  ('c0000000-0000-0000-0000-000000000025', 'a0000011-0000-0000-0000-000000000011', 'https://videos.pexels.com/video-files/3571264/3571264-hd_1920_1080_30fps.mp4', NULL, 30, 4100000, '중거리 슈팅 모음 (오른발)', 'done', 6, 25, NOW() - INTERVAL '18 days'),
  ('c0000000-0000-0000-0000-000000000026', 'a0000011-0000-0000-0000-000000000011', 'https://videos.pexels.com/video-files/3571264/3571264-hd_1920_1080_30fps.mp4', NULL, 22, 3000000, '킬패스 → 골 연결 장면', 'done', 3, 18, NOW() - INTERVAL '3 days'),

  -- 배준혁 (부산 FW) — 3클립
  ('c0000000-0000-0000-0000-000000000027', 'a0000012-0000-0000-0000-000000000012', 'https://videos.pexels.com/video-files/3571264/3571264-hd_1920_1080_30fps.mp4', NULL, 38, 5200000, '공중볼 헤딩 득점 2연속', 'done', 8, 32, NOW() - INTERVAL '28 days'),
  ('c0000000-0000-0000-0000-000000000028', 'a0000012-0000-0000-0000-000000000012', 'https://videos.pexels.com/video-files/3571264/3571264-hd_1920_1080_30fps.mp4', NULL, 25, 3500000, '포스트 플레이 + 몸싸움 장면', 'done', 5, 20, NOW() - INTERVAL '16 days'),
  ('c0000000-0000-0000-0000-000000000029', 'a0000012-0000-0000-0000-000000000012', 'https://videos.pexels.com/video-files/3571264/3571264-hd_1920_1080_30fps.mp4', NULL, 30, 4100000, '역습 상황 1대1 골 장면', 'done', 6, 24, NOW() - INTERVAL '2 days'),

  -- 신태민 (부산 DF/풀백) — 2클립
  ('c0000000-0000-0000-0000-000000000030', 'a0000013-0000-0000-0000-000000000013', 'https://videos.pexels.com/video-files/3571264/3571264-hd_1920_1080_30fps.mp4', NULL, 40, 5500000, '오버래핑 후 크로스 → 어시스트', 'done', 10, 35, NOW() - INTERVAL '23 days'),
  ('c0000000-0000-0000-0000-000000000031', 'a0000013-0000-0000-0000-000000000013', 'https://videos.pexels.com/video-files/3571264/3571264-hd_1920_1080_30fps.mp4', NULL, 28, 3800000, '측면 수비 + 태클 모음', 'done', 4, 22, NOW() - INTERVAL '10 days'),

  -- 류민서 (부산 MF) — 2클립
  ('c0000000-0000-0000-0000-000000000032', 'a0000014-0000-0000-0000-000000000014', 'https://videos.pexels.com/video-files/3571264/3571264-hd_1920_1080_30fps.mp4', NULL, 33, 4500000, '양발 패스 전환 플레이', 'done', 7, 28, NOW() - INTERVAL '19 days'),
  ('c0000000-0000-0000-0000-000000000033', 'a0000014-0000-0000-0000-000000000014', 'https://videos.pexels.com/video-files/3571264/3571264-hd_1920_1080_30fps.mp4', NULL, 22, 3000000, '볼 소유 + 템포 조절 장면', 'done', 3, 18, NOW() - INTERVAL '7 days'),

  -- 장우진 (부산 GK) — 2클립
  ('c0000000-0000-0000-0000-000000000034', 'a0000015-0000-0000-0000-000000000015', 'https://videos.pexels.com/video-files/3571264/3571264-hd_1920_1080_30fps.mp4', NULL, 30, 4100000, '1대1 세이브 + 발 기술 빌드업', 'done', 6, 24, NOW() - INTERVAL '17 days'),
  ('c0000000-0000-0000-0000-000000000035', 'a0000015-0000-0000-0000-000000000015', 'https://videos.pexels.com/video-files/3571264/3571264-hd_1920_1080_30fps.mp4', NULL, 25, 3400000, 'PK 상황 다이빙 세이브', 'done', 4, 20, NOW() - INTERVAL '5 days');

-- =============================================
-- 6. Clip Tags
-- =============================================
INSERT INTO clip_tags (clip_id, tag_name, is_top) VALUES
  -- 김민준 (FW)
  ('c0000000-0000-0000-0000-000000000001', '슈팅', true),
  ('c0000000-0000-0000-0000-000000000001', '퍼스트터치', false),
  ('c0000000-0000-0000-0000-000000000002', '슈팅', true),
  ('c0000000-0000-0000-0000-000000000003', '1v1 돌파', true),
  ('c0000000-0000-0000-0000-000000000003', '전진패스', false),
  -- 이서준 (MF)
  ('c0000000-0000-0000-0000-000000000004', '전진패스', true),
  ('c0000000-0000-0000-0000-000000000005', '전진패스', true),
  ('c0000000-0000-0000-0000-000000000005', '퍼스트터치', false),
  -- 박도윤 (DF)
  ('c0000000-0000-0000-0000-000000000006', '헤딩경합', true),
  ('c0000000-0000-0000-0000-000000000007', '1v1 수비', true),
  ('c0000000-0000-0000-0000-000000000007', '헤딩경합', false),
  -- 정하준 (GK)
  ('c0000000-0000-0000-0000-000000000008', '기타', true),
  ('c0000000-0000-0000-0000-000000000009', '1v1 수비', true),
  -- 최시우 (윙어)
  ('c0000000-0000-0000-0000-000000000010', '1v1 돌파', true),
  ('c0000000-0000-0000-0000-000000000011', '슈팅', true),
  ('c0000000-0000-0000-0000-000000000011', '1v1 돌파', false),
  ('c0000000-0000-0000-0000-000000000012', '1v1 돌파', true),
  -- 강지호 (FW)
  ('c0000000-0000-0000-0000-000000000013', '슈팅', true),
  ('c0000000-0000-0000-0000-000000000013', '퍼스트터치', false),
  ('c0000000-0000-0000-0000-000000000013', '1v1 돌파', false),
  ('c0000000-0000-0000-0000-000000000014', '1v1 돌파', true),
  ('c0000000-0000-0000-0000-000000000014', '슈팅', false),
  ('c0000000-0000-0000-0000-000000000015', '퍼스트터치', true),
  -- 윤준서 (수비형 MF)
  ('c0000000-0000-0000-0000-000000000016', '1v1 수비', true),
  ('c0000000-0000-0000-0000-000000000017', '전진패스', true),
  ('c0000000-0000-0000-0000-000000000017', '1v1 수비', false),
  -- 임예준 (DF)
  ('c0000000-0000-0000-0000-000000000018', '전진패스', true),
  ('c0000000-0000-0000-0000-000000000019', '1v1 수비', true),
  ('c0000000-0000-0000-0000-000000000019', '헤딩경합', false),
  -- 한건우 (FW)
  ('c0000000-0000-0000-0000-000000000020', '슈팅', true),
  ('c0000000-0000-0000-0000-000000000020', '퍼스트터치', false),
  ('c0000000-0000-0000-0000-000000000021', '전진패스', true),
  -- 오유준 (GK)
  ('c0000000-0000-0000-0000-000000000022', '기타', true),
  ('c0000000-0000-0000-0000-000000000023', '1v1 수비', true),
  -- 서현우 (공격형 MF)
  ('c0000000-0000-0000-0000-000000000024', '슈팅', true),
  ('c0000000-0000-0000-0000-000000000024', '전진패스', false),
  ('c0000000-0000-0000-0000-000000000025', '슈팅', true),
  ('c0000000-0000-0000-0000-000000000026', '전진패스', true),
  ('c0000000-0000-0000-0000-000000000026', '퍼스트터치', false),
  -- 배준혁 (FW)
  ('c0000000-0000-0000-0000-000000000027', '헤딩경합', true),
  ('c0000000-0000-0000-0000-000000000027', '슈팅', false),
  ('c0000000-0000-0000-0000-000000000028', '1v1 돌파', true),
  ('c0000000-0000-0000-0000-000000000029', '슈팅', true),
  ('c0000000-0000-0000-0000-000000000029', '1v1 돌파', false),
  -- 신태민 (풀백)
  ('c0000000-0000-0000-0000-000000000030', '전진패스', true),
  ('c0000000-0000-0000-0000-000000000030', '1v1 돌파', false),
  ('c0000000-0000-0000-0000-000000000031', '1v1 수비', true),
  -- 류민서 (MF)
  ('c0000000-0000-0000-0000-000000000032', '전진패스', true),
  ('c0000000-0000-0000-0000-000000000032', '퍼스트터치', false),
  ('c0000000-0000-0000-0000-000000000033', '퍼스트터치', true),
  -- 장우진 (GK)
  ('c0000000-0000-0000-0000-000000000034', '1v1 수비', true),
  ('c0000000-0000-0000-0000-000000000035', '기타', true);

-- =============================================
-- 7. Featured Clips (선수당 1~2개)
-- =============================================
INSERT INTO featured_clips (profile_id, clip_id, sort_order) VALUES
  ('a0000001-0000-0000-0000-000000000001', 'c0000000-0000-0000-0000-000000000001', 0),
  ('a0000001-0000-0000-0000-000000000001', 'c0000000-0000-0000-0000-000000000003', 1),
  ('a0000002-0000-0000-0000-000000000002', 'c0000000-0000-0000-0000-000000000004', 0),
  ('a0000003-0000-0000-0000-000000000003', 'c0000000-0000-0000-0000-000000000006', 0),
  ('a0000004-0000-0000-0000-000000000004', 'c0000000-0000-0000-0000-000000000008', 0),
  ('a0000005-0000-0000-0000-000000000005', 'c0000000-0000-0000-0000-000000000010', 0),
  ('a0000005-0000-0000-0000-000000000005', 'c0000000-0000-0000-0000-000000000012', 1),
  ('a0000006-0000-0000-0000-000000000006', 'c0000000-0000-0000-0000-000000000013', 0),
  ('a0000006-0000-0000-0000-000000000006', 'c0000000-0000-0000-0000-000000000015', 1),
  ('a0000007-0000-0000-0000-000000000007', 'c0000000-0000-0000-0000-000000000016', 0),
  ('a0000008-0000-0000-0000-000000000008', 'c0000000-0000-0000-0000-000000000018', 0),
  ('a0000009-0000-0000-0000-000000000009', 'c0000000-0000-0000-0000-000000000020', 0),
  ('a0000010-0000-0000-0000-000000000010', 'c0000000-0000-0000-0000-000000000022', 0),
  ('a0000011-0000-0000-0000-000000000011', 'c0000000-0000-0000-0000-000000000024', 0),
  ('a0000011-0000-0000-0000-000000000011', 'c0000000-0000-0000-0000-000000000026', 1),
  ('a0000012-0000-0000-0000-000000000012', 'c0000000-0000-0000-0000-000000000027', 0),
  ('a0000012-0000-0000-0000-000000000012', 'c0000000-0000-0000-0000-000000000029', 1),
  ('a0000013-0000-0000-0000-000000000013', 'c0000000-0000-0000-0000-000000000030', 0),
  ('a0000014-0000-0000-0000-000000000014', 'c0000000-0000-0000-0000-000000000032', 0),
  ('a0000015-0000-0000-0000-000000000015', 'c0000000-0000-0000-0000-000000000034', 0);

-- =============================================
-- 8. Stats (측정 기록 — 선수마다 2~4개)
-- =============================================
INSERT INTO stats (id, profile_id, stat_type, value, unit, verified, recorded_at) VALUES
  -- 김민준 (FW) — 스피드+슈팅 특화
  ('d0000000-0000-0000-0000-000000000001', 'a0000001-0000-0000-0000-000000000001', '30m_sprint', 4.52, 'sec', true, NOW() - INTERVAL '20 days'),
  ('d0000000-0000-0000-0000-000000000002', 'a0000001-0000-0000-0000-000000000001', 'juggling', 287, 'count', true, NOW() - INTERVAL '18 days'),
  ('d0000000-0000-0000-0000-000000000003', 'a0000001-0000-0000-0000-000000000001', 'shooting_accuracy', 14, 'count', false, NOW() - INTERVAL '12 days'),
  ('d0000000-0000-0000-0000-000000000004', 'a0000001-0000-0000-0000-000000000001', '1000m_run', 252, 'sec', true, NOW() - INTERVAL '8 days'),

  -- 이서준 (MF)
  ('d0000000-0000-0000-0000-000000000005', 'a0000002-0000-0000-0000-000000000002', '30m_sprint', 4.88, 'sec', true, NOW() - INTERVAL '22 days'),
  ('d0000000-0000-0000-0000-000000000006', 'a0000002-0000-0000-0000-000000000002', 'juggling', 412, 'count', true, NOW() - INTERVAL '15 days'),
  ('d0000000-0000-0000-0000-000000000007', 'a0000002-0000-0000-0000-000000000002', '1000m_run', 265, 'sec', false, NOW() - INTERVAL '10 days'),

  -- 박도윤 (DF)
  ('d0000000-0000-0000-0000-000000000008', 'a0000003-0000-0000-0000-000000000003', '30m_sprint', 5.12, 'sec', true, NOW() - INTERVAL '19 days'),
  ('d0000000-0000-0000-0000-000000000009', 'a0000003-0000-0000-0000-000000000003', 'juggling', 145, 'count', false, NOW() - INTERVAL '14 days'),
  ('d0000000-0000-0000-0000-000000000010', 'a0000003-0000-0000-0000-000000000003', '1000m_run', 258, 'sec', true, NOW() - INTERVAL '7 days'),

  -- 정하준 (GK)
  ('d0000000-0000-0000-0000-000000000011', 'a0000004-0000-0000-0000-000000000004', '30m_sprint', 5.25, 'sec', true, NOW() - INTERVAL '16 days'),
  ('d0000000-0000-0000-0000-000000000012', 'a0000004-0000-0000-0000-000000000004', 'juggling', 198, 'count', false, NOW() - INTERVAL '11 days'),

  -- 최시우 (윙어) — 스피드 특화
  ('d0000000-0000-0000-0000-000000000013', 'a0000005-0000-0000-0000-000000000005', '30m_sprint', 4.38, 'sec', true, NOW() - INTERVAL '24 days'),
  ('d0000000-0000-0000-0000-000000000014', 'a0000005-0000-0000-0000-000000000005', 'juggling', 320, 'count', true, NOW() - INTERVAL '17 days'),
  ('d0000000-0000-0000-0000-000000000015', 'a0000005-0000-0000-0000-000000000005', '1000m_run', 248, 'sec', true, NOW() - INTERVAL '9 days'),

  -- 강지호 (성남 FW) — 올라운더
  ('d0000000-0000-0000-0000-000000000016', 'a0000006-0000-0000-0000-000000000006', '30m_sprint', 4.45, 'sec', true, NOW() - INTERVAL '25 days'),
  ('d0000000-0000-0000-0000-000000000017', 'a0000006-0000-0000-0000-000000000006', 'juggling', 510, 'count', true, NOW() - INTERVAL '20 days'),
  ('d0000000-0000-0000-0000-000000000018', 'a0000006-0000-0000-0000-000000000006', 'shooting_accuracy', 16, 'count', true, NOW() - INTERVAL '13 days'),
  ('d0000000-0000-0000-0000-000000000019', 'a0000006-0000-0000-0000-000000000006', '1000m_run', 245, 'sec', true, NOW() - INTERVAL '6 days'),

  -- 윤준서 (성남 MF)
  ('d0000000-0000-0000-0000-000000000020', 'a0000007-0000-0000-0000-000000000007', '30m_sprint', 4.95, 'sec', true, NOW() - INTERVAL '21 days'),
  ('d0000000-0000-0000-0000-000000000021', 'a0000007-0000-0000-0000-000000000007', 'juggling', 230, 'count', false, NOW() - INTERVAL '13 days'),
  ('d0000000-0000-0000-0000-000000000022', 'a0000007-0000-0000-0000-000000000007', '1000m_run', 255, 'sec', true, NOW() - INTERVAL '5 days'),

  -- 임예준 (성남 DF)
  ('d0000000-0000-0000-0000-000000000023', 'a0000008-0000-0000-0000-000000000008', '30m_sprint', 5.08, 'sec', true, NOW() - INTERVAL '18 days'),
  ('d0000000-0000-0000-0000-000000000024', 'a0000008-0000-0000-0000-000000000008', 'juggling', 175, 'count', false, NOW() - INTERVAL '12 days'),

  -- 한건우 (성남 FW)
  ('d0000000-0000-0000-0000-000000000025', 'a0000009-0000-0000-0000-000000000009', '30m_sprint', 4.72, 'sec', true, NOW() - INTERVAL '17 days'),
  ('d0000000-0000-0000-0000-000000000026', 'a0000009-0000-0000-0000-000000000009', 'juggling', 165, 'count', false, NOW() - INTERVAL '10 days'),
  ('d0000000-0000-0000-0000-000000000027', 'a0000009-0000-0000-0000-000000000009', 'shooting_accuracy', 11, 'count', false, NOW() - INTERVAL '4 days'),

  -- 오유준 (성남 GK)
  ('d0000000-0000-0000-0000-000000000028', 'a0000010-0000-0000-0000-000000000010', '30m_sprint', 5.35, 'sec', false, NOW() - INTERVAL '14 days'),
  ('d0000000-0000-0000-0000-000000000029', 'a0000010-0000-0000-0000-000000000010', 'juggling', 88, 'count', false, NOW() - INTERVAL '9 days'),

  -- 서현우 (부산 MF) — 기술+체력 밸런스
  ('d0000000-0000-0000-0000-000000000030', 'a0000011-0000-0000-0000-000000000011', '30m_sprint', 4.65, 'sec', true, NOW() - INTERVAL '23 days'),
  ('d0000000-0000-0000-0000-000000000031', 'a0000011-0000-0000-0000-000000000011', 'juggling', 480, 'count', true, NOW() - INTERVAL '16 days'),
  ('d0000000-0000-0000-0000-000000000032', 'a0000011-0000-0000-0000-000000000011', 'shooting_accuracy', 12, 'count', true, NOW() - INTERVAL '8 days'),
  ('d0000000-0000-0000-0000-000000000033', 'a0000011-0000-0000-0000-000000000011', '1000m_run', 240, 'sec', true, NOW() - INTERVAL '3 days'),

  -- 배준혁 (부산 FW)
  ('d0000000-0000-0000-0000-000000000034', 'a0000012-0000-0000-0000-000000000012', '30m_sprint', 4.78, 'sec', true, NOW() - INTERVAL '20 days'),
  ('d0000000-0000-0000-0000-000000000035', 'a0000012-0000-0000-0000-000000000012', 'juggling', 195, 'count', false, NOW() - INTERVAL '14 days'),
  ('d0000000-0000-0000-0000-000000000036', 'a0000012-0000-0000-0000-000000000012', 'shooting_accuracy', 10, 'count', false, NOW() - INTERVAL '7 days'),

  -- 신태민 (부산 풀백) — 체력 특화
  ('d0000000-0000-0000-0000-000000000037', 'a0000013-0000-0000-0000-000000000013', '30m_sprint', 4.58, 'sec', true, NOW() - INTERVAL '22 days'),
  ('d0000000-0000-0000-0000-000000000038', 'a0000013-0000-0000-0000-000000000013', 'juggling', 160, 'count', false, NOW() - INTERVAL '15 days'),
  ('d0000000-0000-0000-0000-000000000039', 'a0000013-0000-0000-0000-000000000013', '1000m_run', 235, 'sec', true, NOW() - INTERVAL '6 days'),

  -- 류민서 (부산 MF)
  ('d0000000-0000-0000-0000-000000000040', 'a0000014-0000-0000-0000-000000000014', '30m_sprint', 4.92, 'sec', false, NOW() - INTERVAL '16 days'),
  ('d0000000-0000-0000-0000-000000000041', 'a0000014-0000-0000-0000-000000000014', 'juggling', 350, 'count', true, NOW() - INTERVAL '11 days'),

  -- 장우진 (부산 GK)
  ('d0000000-0000-0000-0000-000000000042', 'a0000015-0000-0000-0000-000000000015', '30m_sprint', 5.18, 'sec', false, NOW() - INTERVAL '13 days'),
  ('d0000000-0000-0000-0000-000000000043', 'a0000015-0000-0000-0000-000000000015', 'juggling', 120, 'count', false, NOW() - INTERVAL '8 days');

-- =============================================
-- 9. Medals (기준 충족 선수들)
-- =============================================
INSERT INTO medals (profile_id, medal_code, stat_id, achieved_at) VALUES
  -- sprint_5.0 (30m < 5.0초): 김민준4.52, 최시우4.38, 강지호4.45, 한건우4.72, 서현우4.65, 배준혁4.78, 신태민4.58, 이서준4.88, 윤준서4.95, 류민서4.92
  ('a0000001-0000-0000-0000-000000000001', 'sprint_5.0', 'd0000000-0000-0000-0000-000000000001', NOW() - INTERVAL '20 days'),
  ('a0000005-0000-0000-0000-000000000005', 'sprint_5.0', 'd0000000-0000-0000-0000-000000000013', NOW() - INTERVAL '24 days'),
  ('a0000006-0000-0000-0000-000000000006', 'sprint_5.0', 'd0000000-0000-0000-0000-000000000016', NOW() - INTERVAL '25 days'),
  ('a0000009-0000-0000-0000-000000000009', 'sprint_5.0', 'd0000000-0000-0000-0000-000000000025', NOW() - INTERVAL '17 days'),
  ('a0000011-0000-0000-0000-000000000011', 'sprint_5.0', 'd0000000-0000-0000-0000-000000000030', NOW() - INTERVAL '23 days'),
  ('a0000012-0000-0000-0000-000000000012', 'sprint_5.0', 'd0000000-0000-0000-0000-000000000034', NOW() - INTERVAL '20 days'),
  ('a0000013-0000-0000-0000-000000000013', 'sprint_5.0', 'd0000000-0000-0000-0000-000000000037', NOW() - INTERVAL '22 days'),
  ('a0000002-0000-0000-0000-000000000002', 'sprint_5.0', 'd0000000-0000-0000-0000-000000000005', NOW() - INTERVAL '22 days'),
  ('a0000007-0000-0000-0000-000000000007', 'sprint_5.0', 'd0000000-0000-0000-0000-000000000020', NOW() - INTERVAL '21 days'),
  ('a0000014-0000-0000-0000-000000000014', 'sprint_5.0', 'd0000000-0000-0000-0000-000000000040', NOW() - INTERVAL '16 days'),

  -- sprint_4.5 (30m < 4.5초): 김민준4.52→X, 최시우4.38, 강지호4.45
  ('a0000005-0000-0000-0000-000000000005', 'sprint_4.5', 'd0000000-0000-0000-0000-000000000013', NOW() - INTERVAL '24 days'),
  ('a0000006-0000-0000-0000-000000000006', 'sprint_4.5', 'd0000000-0000-0000-0000-000000000016', NOW() - INTERVAL '25 days'),

  -- juggling_100 (100+): 김민준287, 이서준412, 박도윤145, 정하준198, 최시우320, 강지호510, 윤준서230, 임예준175, 한건우165, 서현우480, 배준혁195, 신태민160, 류민서350, 장우진120
  ('a0000001-0000-0000-0000-000000000001', 'juggling_100', 'd0000000-0000-0000-0000-000000000002', NOW() - INTERVAL '18 days'),
  ('a0000002-0000-0000-0000-000000000002', 'juggling_100', 'd0000000-0000-0000-0000-000000000006', NOW() - INTERVAL '15 days'),
  ('a0000003-0000-0000-0000-000000000003', 'juggling_100', 'd0000000-0000-0000-0000-000000000009', NOW() - INTERVAL '14 days'),
  ('a0000004-0000-0000-0000-000000000004', 'juggling_100', 'd0000000-0000-0000-0000-000000000012', NOW() - INTERVAL '11 days'),
  ('a0000005-0000-0000-0000-000000000005', 'juggling_100', 'd0000000-0000-0000-0000-000000000014', NOW() - INTERVAL '17 days'),
  ('a0000006-0000-0000-0000-000000000006', 'juggling_100', 'd0000000-0000-0000-0000-000000000017', NOW() - INTERVAL '20 days'),
  ('a0000007-0000-0000-0000-000000000007', 'juggling_100', 'd0000000-0000-0000-0000-000000000021', NOW() - INTERVAL '13 days'),
  ('a0000008-0000-0000-0000-000000000008', 'juggling_100', 'd0000000-0000-0000-0000-000000000024', NOW() - INTERVAL '12 days'),
  ('a0000009-0000-0000-0000-000000000009', 'juggling_100', 'd0000000-0000-0000-0000-000000000026', NOW() - INTERVAL '10 days'),
  ('a0000011-0000-0000-0000-000000000011', 'juggling_100', 'd0000000-0000-0000-0000-000000000031', NOW() - INTERVAL '16 days'),
  ('a0000012-0000-0000-0000-000000000012', 'juggling_100', 'd0000000-0000-0000-0000-000000000035', NOW() - INTERVAL '14 days'),
  ('a0000013-0000-0000-0000-000000000013', 'juggling_100', 'd0000000-0000-0000-0000-000000000038', NOW() - INTERVAL '15 days'),
  ('a0000014-0000-0000-0000-000000000014', 'juggling_100', 'd0000000-0000-0000-0000-000000000041', NOW() - INTERVAL '11 days'),
  ('a0000015-0000-0000-0000-000000000015', 'juggling_100', 'd0000000-0000-0000-0000-000000000043', NOW() - INTERVAL '8 days'),

  -- juggling_300 (300+): 이서준412, 최시우320, 강지호510, 서현우480, 류민서350
  ('a0000002-0000-0000-0000-000000000002', 'juggling_300', 'd0000000-0000-0000-0000-000000000006', NOW() - INTERVAL '15 days'),
  ('a0000005-0000-0000-0000-000000000005', 'juggling_300', 'd0000000-0000-0000-0000-000000000014', NOW() - INTERVAL '17 days'),
  ('a0000006-0000-0000-0000-000000000006', 'juggling_300', 'd0000000-0000-0000-0000-000000000017', NOW() - INTERVAL '20 days'),
  ('a0000011-0000-0000-0000-000000000011', 'juggling_300', 'd0000000-0000-0000-0000-000000000031', NOW() - INTERVAL '16 days'),
  ('a0000014-0000-0000-0000-000000000014', 'juggling_300', 'd0000000-0000-0000-0000-000000000041', NOW() - INTERVAL '11 days'),

  -- juggling_500 (500+): 강지호510
  ('a0000006-0000-0000-0000-000000000006', 'juggling_500', 'd0000000-0000-0000-0000-000000000017', NOW() - INTERVAL '20 days'),

  -- shooting_10 (10+): 김민준14, 강지호16, 한건우11, 서현우12, 배준혁10
  ('a0000001-0000-0000-0000-000000000001', 'shooting_10', 'd0000000-0000-0000-0000-000000000003', NOW() - INTERVAL '12 days'),
  ('a0000006-0000-0000-0000-000000000006', 'shooting_10', 'd0000000-0000-0000-0000-000000000018', NOW() - INTERVAL '13 days'),
  ('a0000009-0000-0000-0000-000000000009', 'shooting_10', 'd0000000-0000-0000-0000-000000000027', NOW() - INTERVAL '4 days'),
  ('a0000011-0000-0000-0000-000000000011', 'shooting_10', 'd0000000-0000-0000-0000-000000000032', NOW() - INTERVAL '8 days'),
  ('a0000012-0000-0000-0000-000000000012', 'shooting_10', 'd0000000-0000-0000-0000-000000000036', NOW() - INTERVAL '7 days'),

  -- run_4_30 (1000m ≤ 270초): 김민준252, 이서준265, 박도윤258, 최시우248, 강지호245, 윤준서255, 서현우240, 신태민235
  ('a0000001-0000-0000-0000-000000000001', 'run_4_30', 'd0000000-0000-0000-0000-000000000004', NOW() - INTERVAL '8 days'),
  ('a0000002-0000-0000-0000-000000000002', 'run_4_30', 'd0000000-0000-0000-0000-000000000007', NOW() - INTERVAL '10 days'),
  ('a0000003-0000-0000-0000-000000000003', 'run_4_30', 'd0000000-0000-0000-0000-000000000010', NOW() - INTERVAL '7 days'),
  ('a0000005-0000-0000-0000-000000000005', 'run_4_30', 'd0000000-0000-0000-0000-000000000015', NOW() - INTERVAL '9 days'),
  ('a0000006-0000-0000-0000-000000000006', 'run_4_30', 'd0000000-0000-0000-0000-000000000019', NOW() - INTERVAL '6 days'),
  ('a0000007-0000-0000-0000-000000000007', 'run_4_30', 'd0000000-0000-0000-0000-000000000022', NOW() - INTERVAL '5 days'),
  ('a0000011-0000-0000-0000-000000000011', 'run_4_30', 'd0000000-0000-0000-0000-000000000033', NOW() - INTERVAL '3 days'),
  ('a0000013-0000-0000-0000-000000000013', 'run_4_30', 'd0000000-0000-0000-0000-000000000039', NOW() - INTERVAL '6 days');

-- =============================================
-- 10. Seasons (시즌 기록)
-- =============================================
INSERT INTO seasons (profile_id, year, team_name, league) VALUES
  -- 수원FC 선수들
  ('a0000001-0000-0000-0000-000000000001', 2025, '수원FC U-15', '전국소년체전'),
  ('a0000001-0000-0000-0000-000000000001', 2024, '수원FC U-13', '금석배'),
  ('a0000002-0000-0000-0000-000000000002', 2025, '수원FC U-15', '전국소년체전'),
  ('a0000003-0000-0000-0000-000000000003', 2025, '수원FC U-15', '화랑대기'),
  ('a0000003-0000-0000-0000-000000000003', 2024, '수원FC U-13', '화랑대기'),
  ('a0000004-0000-0000-0000-000000000004', 2025, '수원FC U-15', '전국소년체전'),
  ('a0000005-0000-0000-0000-000000000005', 2025, '수원FC U-15', '화랑대기'),

  -- 성남FC 선수들
  ('a0000006-0000-0000-0000-000000000006', 2025, '성남FC U-15', '금석배'),
  ('a0000006-0000-0000-0000-000000000006', 2024, '성남FC U-13', '전국소년체전'),
  ('a0000006-0000-0000-0000-000000000006', 2023, '성남FC U-12', '축구협회장기'),
  ('a0000007-0000-0000-0000-000000000007', 2025, '성남FC U-15', '금석배'),
  ('a0000008-0000-0000-0000-000000000008', 2025, '성남FC U-15', '화랑대기'),
  ('a0000009-0000-0000-0000-000000000009', 2025, '성남FC U-15', '금석배'),
  ('a0000010-0000-0000-0000-000000000010', 2025, '성남FC U-15', '전국소년체전'),

  -- 부산아이파크 선수들
  ('a0000011-0000-0000-0000-000000000011', 2025, '부산아이파크 U-15', '화랑대기'),
  ('a0000011-0000-0000-0000-000000000011', 2024, '부산아이파크 U-13', '금석배'),
  ('a0000012-0000-0000-0000-000000000012', 2025, '부산아이파크 U-15', '화랑대기'),
  ('a0000013-0000-0000-0000-000000000013', 2025, '부산아이파크 U-15', '전국소년체전'),
  ('a0000013-0000-0000-0000-000000000013', 2024, '부산아이파크 U-13', '화랑대기'),
  ('a0000014-0000-0000-0000-000000000014', 2025, '부산아이파크 U-15', '금석배'),
  ('a0000015-0000-0000-0000-000000000015', 2025, '부산아이파크 U-15', '화랑대기');

-- =============================================
-- 11. Follows (팀 내 + 크로스팀 팔로우)
-- =============================================
INSERT INTO follows (follower_id, following_id) VALUES
  -- 수원FC 내부
  ('a0000001-0000-0000-0000-000000000001', 'a0000002-0000-0000-0000-000000000002'),
  ('a0000001-0000-0000-0000-000000000001', 'a0000005-0000-0000-0000-000000000005'),
  ('a0000002-0000-0000-0000-000000000002', 'a0000001-0000-0000-0000-000000000001'),
  ('a0000003-0000-0000-0000-000000000003', 'a0000001-0000-0000-0000-000000000001'),
  ('a0000005-0000-0000-0000-000000000005', 'a0000001-0000-0000-0000-000000000001'),
  -- 성남FC 내부
  ('a0000006-0000-0000-0000-000000000006', 'a0000007-0000-0000-0000-000000000007'),
  ('a0000007-0000-0000-0000-000000000007', 'a0000006-0000-0000-0000-000000000006'),
  ('a0000009-0000-0000-0000-000000000009', 'a0000006-0000-0000-0000-000000000006'),
  -- 부산 내부
  ('a0000011-0000-0000-0000-000000000011', 'a0000012-0000-0000-0000-000000000012'),
  ('a0000012-0000-0000-0000-000000000012', 'a0000011-0000-0000-0000-000000000011'),
  ('a0000013-0000-0000-0000-000000000013', 'a0000011-0000-0000-0000-000000000011'),
  -- 크로스팀 팔로우 (라이벌/관심)
  ('a0000001-0000-0000-0000-000000000001', 'a0000006-0000-0000-0000-000000000006'),
  ('a0000006-0000-0000-0000-000000000006', 'a0000001-0000-0000-0000-000000000001'),
  ('a0000005-0000-0000-0000-000000000005', 'a0000011-0000-0000-0000-000000000011'),
  ('a0000011-0000-0000-0000-000000000011', 'a0000006-0000-0000-0000-000000000006'),
  ('a0000012-0000-0000-0000-000000000012', 'a0000001-0000-0000-0000-000000000001');

-- =============================================
-- 12. Feed Items (풍부한 피드 — 30개)
-- metadata는 FeedCard가 렌더링하는 필드 포함
-- =============================================
INSERT INTO feed_items (id, profile_id, type, reference_id, metadata, created_at) VALUES
  -- 하이라이트 (thumbnail_url, tags, duration 포함)
  ('f0000000-0000-0000-0000-000000000001', 'a0000001-0000-0000-0000-000000000001', 'highlight', 'c0000000-0000-0000-0000-000000000001', '{"memo":"전국소년체전 준결승 득점 장면","thumbnail_url":"https://images.unsplash.com/photo-1574629810360-7efbbe195018?w=640","tags":["슈팅","퍼스트터치"],"duration":32}', NOW() - INTERVAL '30 days'),
  ('f0000000-0000-0000-0000-000000000002', 'a0000001-0000-0000-0000-000000000001', 'highlight', 'c0000000-0000-0000-0000-000000000002', '{"memo":"왼발 중거리슛 하이라이트","thumbnail_url":"https://images.unsplash.com/photo-1431324155629-1a6deb1dec8d?w=640","tags":["슈팅"],"duration":45}', NOW() - INTERVAL '22 days'),
  ('f0000000-0000-0000-0000-000000000003', 'a0000006-0000-0000-0000-000000000006', 'highlight', 'c0000000-0000-0000-0000-000000000013', '{"memo":"금석배 결승 해트트릭","thumbnail_url":"https://images.unsplash.com/photo-1553778263-73a83bab9b0c?w=640","tags":["슈팅","퍼스트터치","1v1 돌파"],"duration":50}', NOW() - INTERVAL '35 days'),
  ('f0000000-0000-0000-0000-000000000004', 'a0000006-0000-0000-0000-000000000006', 'highlight', 'c0000000-0000-0000-0000-000000000014', '{"memo":"가속 드리블 + 오른발 슈팅","thumbnail_url":"https://images.unsplash.com/photo-1517466787929-bc90951d0974?w=640","tags":["1v1 돌파","슈팅"],"duration":30}', NOW() - INTERVAL '20 days'),
  ('f0000000-0000-0000-0000-000000000005', 'a0000011-0000-0000-0000-000000000011', 'highlight', 'c0000000-0000-0000-0000-000000000024', '{"memo":"화랑대기 프리킥 골 + 어시스트","thumbnail_url":"https://images.unsplash.com/photo-1508098682722-e99c43a406b2?w=640","tags":["슈팅","전진패스"],"duration":45}', NOW() - INTERVAL '32 days'),
  ('f0000000-0000-0000-0000-000000000006', 'a0000005-0000-0000-0000-000000000005', 'highlight', 'c0000000-0000-0000-0000-000000000010', '{"memo":"우측 윙 돌파 후 크로스 3연속","thumbnail_url":"https://images.unsplash.com/photo-1579952363873-27f3bade9f55?w=640","tags":["1v1 돌파"],"duration":42}', NOW() - INTERVAL '26 days'),
  ('f0000000-0000-0000-0000-000000000007', 'a0000012-0000-0000-0000-000000000012', 'highlight', 'c0000000-0000-0000-0000-000000000027', '{"memo":"공중볼 헤딩 득점 2연속","thumbnail_url":"https://images.unsplash.com/photo-1560272564-c83b66b1ad12?w=640","tags":["헤딩경합","슈팅"],"duration":38}', NOW() - INTERVAL '28 days'),
  ('f0000000-0000-0000-0000-000000000008', 'a0000002-0000-0000-0000-000000000002', 'highlight', 'c0000000-0000-0000-0000-000000000004', '{"memo":"킬패스 모음 — 화성원정 경기","thumbnail_url":"https://images.unsplash.com/photo-1551958219-acbc608c6377?w=640","tags":["전진패스"],"duration":38}', NOW() - INTERVAL '28 days'),
  ('f0000000-0000-0000-0000-000000000009', 'a0000003-0000-0000-0000-000000000003', 'highlight', 'c0000000-0000-0000-0000-000000000006', '{"memo":"코너킥 헤딩 득점 + 수비 장면","thumbnail_url":"https://images.unsplash.com/photo-1543326727-cf6c39e8f84c?w=640","tags":["헤딩경합"],"duration":35}', NOW() - INTERVAL '25 days'),
  ('f0000000-0000-0000-0000-000000000010', 'a0000007-0000-0000-0000-000000000007', 'highlight', 'c0000000-0000-0000-0000-000000000016', '{"memo":"볼 탈취 → 역습 전개 모음","thumbnail_url":"https://images.unsplash.com/photo-1575361204480-aadea25e6e68?w=640","tags":["1v1 수비"],"duration":35}', NOW() - INTERVAL '27 days'),
  ('f0000000-0000-0000-0000-000000000011', 'a0000012-0000-0000-0000-000000000012', 'highlight', 'c0000000-0000-0000-0000-000000000029', '{"memo":"역습 상황 1대1 골","thumbnail_url":"https://images.unsplash.com/photo-1606925797300-0b35e9d1794e?w=640","tags":["슈팅","1v1 돌파"],"duration":30}', NOW() - INTERVAL '2 days'),
  ('f0000000-0000-0000-0000-000000000012', 'a0000005-0000-0000-0000-000000000005', 'highlight', 'c0000000-0000-0000-0000-000000000012', '{"memo":"1대1 돌파 성공 모음","thumbnail_url":"https://images.unsplash.com/photo-1459865264687-595d652de67e?w=640","tags":["1v1 돌파"],"duration":33}', NOW() - INTERVAL '5 days'),
  ('f0000000-0000-0000-0000-000000000013', 'a0000013-0000-0000-0000-000000000013', 'highlight', 'c0000000-0000-0000-0000-000000000030', '{"memo":"오버래핑 후 크로스 → 어시스트","thumbnail_url":"https://images.unsplash.com/photo-1600679472829-3044539ce8ed?w=640","tags":["전진패스","1v1 돌파"],"duration":40}', NOW() - INTERVAL '23 days'),
  ('f0000000-0000-0000-0000-000000000014', 'a0000006-0000-0000-0000-000000000006', 'highlight', 'c0000000-0000-0000-0000-000000000015', '{"memo":"수비 뒤 공간 침투 → 골","thumbnail_url":"https://images.unsplash.com/photo-1526232761682-d26e03ac148e?w=640","tags":["퍼스트터치"],"duration":26}', NOW() - INTERVAL '7 days'),
  ('f0000000-0000-0000-0000-000000000015', 'a0000011-0000-0000-0000-000000000011', 'highlight', 'c0000000-0000-0000-0000-000000000026', '{"memo":"킬패스 → 골 연결 장면","thumbnail_url":"https://images.unsplash.com/photo-1624880357913-a8539238245b?w=640","tags":["전진패스","퍼스트터치"],"duration":22}', NOW() - INTERVAL '3 days'),

  -- 메달 획득 (icon, label, stat_type, value, unit 포함)
  ('f0000000-0000-0000-0000-000000000016', 'a0000001-0000-0000-0000-000000000001', 'medal', NULL, '{"icon":"⚡⚡","label":"30m 4.52초","medal_code":"sprint_4.5","stat_type":"30m 스프린트","value":4.52,"unit":"초"}', NOW() - INTERVAL '20 days'),
  ('f0000000-0000-0000-0000-000000000017', 'a0000006-0000-0000-0000-000000000006', 'medal', NULL, '{"icon":"🔥🔥🔥","label":"저글링 510회","medal_code":"juggling_500","stat_type":"저글링","value":510,"unit":"회"}', NOW() - INTERVAL '20 days'),
  ('f0000000-0000-0000-0000-000000000018', 'a0000005-0000-0000-0000-000000000005', 'medal', NULL, '{"icon":"⚡⚡","label":"30m 4.38초","medal_code":"sprint_4.5","stat_type":"30m 스프린트","value":4.38,"unit":"초"}', NOW() - INTERVAL '24 days'),
  ('f0000000-0000-0000-0000-000000000019', 'a0000013-0000-0000-0000-000000000013', 'medal', NULL, '{"icon":"🏃","label":"1000m 3:55","medal_code":"run_4_30","stat_type":"1000m 달리기","value":235,"unit":"초"}', NOW() - INTERVAL '6 days'),
  ('f0000000-0000-0000-0000-000000000020', 'a0000011-0000-0000-0000-000000000011', 'medal', NULL, '{"icon":"🔥🔥","label":"저글링 480회","medal_code":"juggling_300","stat_type":"저글링","value":480,"unit":"회"}', NOW() - INTERVAL '16 days'),

  -- 스탯 등록 (value, unit, stat_label 포함)
  ('f0000000-0000-0000-0000-000000000021', 'a0000005-0000-0000-0000-000000000005', 'stat', 'd0000000-0000-0000-0000-000000000013', '{"stat_type":"30m_sprint","stat_label":"30m 스프린트","value":4.38,"unit":"초"}', NOW() - INTERVAL '24 days'),
  ('f0000000-0000-0000-0000-000000000022', 'a0000011-0000-0000-0000-000000000011', 'stat', 'd0000000-0000-0000-0000-000000000033', '{"stat_type":"1000m_run","stat_label":"1000m 달리기","value":240,"unit":"초"}', NOW() - INTERVAL '3 days'),
  ('f0000000-0000-0000-0000-000000000023', 'a0000006-0000-0000-0000-000000000006', 'stat', 'd0000000-0000-0000-0000-000000000017', '{"stat_type":"juggling","stat_label":"저글링","value":510,"unit":"회"}', NOW() - INTERVAL '20 days'),
  ('f0000000-0000-0000-0000-000000000024', 'a0000001-0000-0000-0000-000000000001', 'stat', 'd0000000-0000-0000-0000-000000000004', '{"stat_type":"1000m_run","stat_label":"1000m 달리기","value":252,"unit":"초"}', NOW() - INTERVAL '8 days'),
  ('f0000000-0000-0000-0000-000000000025', 'a0000012-0000-0000-0000-000000000012', 'stat', 'd0000000-0000-0000-0000-000000000036', '{"stat_type":"shooting_accuracy","stat_label":"슈팅 정확도","value":10,"unit":"회"}', NOW() - INTERVAL '7 days'),

  -- 대표 클립 변경 (thumbnail_url 포함)
  ('f0000000-0000-0000-0000-000000000026', 'a0000001-0000-0000-0000-000000000001', 'featured_change', 'c0000000-0000-0000-0000-000000000003', '{"thumbnail_url":"https://images.unsplash.com/photo-1574629810360-7efbbe195018?w=640"}', NOW() - INTERVAL '10 days'),
  ('f0000000-0000-0000-0000-000000000027', 'a0000006-0000-0000-0000-000000000006', 'featured_change', 'c0000000-0000-0000-0000-000000000015', '{"thumbnail_url":"https://images.unsplash.com/photo-1553778263-73a83bab9b0c?w=640"}', NOW() - INTERVAL '7 days'),

  -- 탑 클립 설정 (tag_name 포함)
  ('f0000000-0000-0000-0000-000000000028', 'a0000001-0000-0000-0000-000000000001', 'top_clip', 'c0000000-0000-0000-0000-000000000003', '{"tag_name":"1v1 돌파"}', NOW() - INTERVAL '10 days'),
  ('f0000000-0000-0000-0000-000000000029', 'a0000005-0000-0000-0000-000000000005', 'top_clip', 'c0000000-0000-0000-0000-000000000012', '{"tag_name":"1v1 돌파"}', NOW() - INTERVAL '5 days'),

  -- 시즌 추가 (year, team_name 포함)
  ('f0000000-0000-0000-0000-000000000030', 'a0000006-0000-0000-0000-000000000006', 'season', NULL, '{"year":2025,"team_name":"성남FC U-15"}', NOW() - INTERVAL '40 days');

-- =============================================
-- 13. Kudos (응원 — 피드가 살아있어 보이게)
-- =============================================
INSERT INTO kudos (feed_item_id, user_id) VALUES
  -- 김민준 소년체전 하이라이트에 응원
  ('f0000000-0000-0000-0000-000000000001', 'a0000002-0000-0000-0000-000000000002'),
  ('f0000000-0000-0000-0000-000000000001', 'a0000005-0000-0000-0000-000000000005'),
  ('f0000000-0000-0000-0000-000000000001', 'a0000006-0000-0000-0000-000000000006'),
  ('f0000000-0000-0000-0000-000000000001', 'a0000011-0000-0000-0000-000000000011'),
  ('f0000000-0000-0000-0000-000000000001', 'a0000012-0000-0000-0000-000000000012'),
  -- 강지호 해트트릭에 응원 (인기 게시물)
  ('f0000000-0000-0000-0000-000000000003', 'a0000001-0000-0000-0000-000000000001'),
  ('f0000000-0000-0000-0000-000000000003', 'a0000007-0000-0000-0000-000000000007'),
  ('f0000000-0000-0000-0000-000000000003', 'a0000009-0000-0000-0000-000000000009'),
  ('f0000000-0000-0000-0000-000000000003', 'a0000011-0000-0000-0000-000000000011'),
  ('f0000000-0000-0000-0000-000000000003', 'a0000005-0000-0000-0000-000000000005'),
  ('f0000000-0000-0000-0000-000000000003', 'a0000013-0000-0000-0000-000000000013'),
  ('f0000000-0000-0000-0000-000000000003', 'a0000002-0000-0000-0000-000000000002'),
  -- 서현우 프리킥에 응원
  ('f0000000-0000-0000-0000-000000000005', 'a0000012-0000-0000-0000-000000000012'),
  ('f0000000-0000-0000-0000-000000000005', 'a0000013-0000-0000-0000-000000000013'),
  ('f0000000-0000-0000-0000-000000000005', 'a0000014-0000-0000-0000-000000000014'),
  ('f0000000-0000-0000-0000-000000000005', 'a0000006-0000-0000-0000-000000000006'),
  -- 최시우 드리블에 응원
  ('f0000000-0000-0000-0000-000000000006', 'a0000001-0000-0000-0000-000000000001'),
  ('f0000000-0000-0000-0000-000000000006', 'a0000002-0000-0000-0000-000000000002'),
  ('f0000000-0000-0000-0000-000000000006', 'a0000011-0000-0000-0000-000000000011'),
  -- 배준혁 헤딩에 응원
  ('f0000000-0000-0000-0000-000000000007', 'a0000011-0000-0000-0000-000000000011'),
  ('f0000000-0000-0000-0000-000000000007', 'a0000013-0000-0000-0000-000000000013'),
  -- 최근 게시물에 응원
  ('f0000000-0000-0000-0000-000000000011', 'a0000011-0000-0000-0000-000000000011'),
  ('f0000000-0000-0000-0000-000000000011', 'a0000001-0000-0000-0000-000000000001'),
  ('f0000000-0000-0000-0000-000000000011', 'a0000006-0000-0000-0000-000000000006'),
  ('f0000000-0000-0000-0000-000000000012', 'a0000001-0000-0000-0000-000000000001'),
  ('f0000000-0000-0000-0000-000000000012', 'a0000002-0000-0000-0000-000000000002'),
  ('f0000000-0000-0000-0000-000000000015', 'a0000006-0000-0000-0000-000000000006'),
  ('f0000000-0000-0000-0000-000000000015', 'a0000001-0000-0000-0000-000000000001'),
  ('f0000000-0000-0000-0000-000000000015', 'a0000012-0000-0000-0000-000000000012'),
  -- 메달 획득에 응원
  ('f0000000-0000-0000-0000-000000000016', 'a0000002-0000-0000-0000-000000000002'),
  ('f0000000-0000-0000-0000-000000000016', 'a0000005-0000-0000-0000-000000000005'),
  ('f0000000-0000-0000-0000-000000000017', 'a0000001-0000-0000-0000-000000000001'),
  ('f0000000-0000-0000-0000-000000000017', 'a0000011-0000-0000-0000-000000000011'),
  ('f0000000-0000-0000-0000-000000000018', 'a0000001-0000-0000-0000-000000000001'),
  ('f0000000-0000-0000-0000-000000000019', 'a0000011-0000-0000-0000-000000000011'),
  ('f0000000-0000-0000-0000-000000000019', 'a0000012-0000-0000-0000-000000000012'),
  -- 스탯에 응원
  ('f0000000-0000-0000-0000-000000000021', 'a0000001-0000-0000-0000-000000000001'),
  ('f0000000-0000-0000-0000-000000000022', 'a0000012-0000-0000-0000-000000000012'),
  ('f0000000-0000-0000-0000-000000000022', 'a0000006-0000-0000-0000-000000000006'),
  ('f0000000-0000-0000-0000-000000000025', 'a0000011-0000-0000-0000-000000000011');

-- =============================================
-- 14. Comments (댓글 — 피드 인터랙션)
-- =============================================
INSERT INTO comments (feed_item_id, user_id, content, created_at) VALUES
  -- 김민준 소년체전 하이라이트
  ('f0000000-0000-0000-0000-000000000001', 'a0000002-0000-0000-0000-000000000002', '형 골 진짜 미쳤다 ㅋㅋ', NOW() - INTERVAL '29 days'),
  ('f0000000-0000-0000-0000-000000000001', 'a0000005-0000-0000-0000-000000000005', '왼발 슈팅 개쩐다', NOW() - INTERVAL '29 days'),
  ('f0000000-0000-0000-0000-000000000001', 'a0000006-0000-0000-0000-000000000006', '다음에 같이 붙어보자! 💪', NOW() - INTERVAL '28 days'),
  -- 강지호 해트트릭
  ('f0000000-0000-0000-0000-000000000003', 'a0000001-0000-0000-0000-000000000001', '해트트릭 실화냐 대박', NOW() - INTERVAL '34 days'),
  ('f0000000-0000-0000-0000-000000000003', 'a0000007-0000-0000-0000-000000000007', '우리 에이스 ㅋㅋㅋ', NOW() - INTERVAL '34 days'),
  ('f0000000-0000-0000-0000-000000000003', 'a0000011-0000-0000-0000-000000000011', '결승에서 해트트릭이면 인정', NOW() - INTERVAL '33 days'),
  ('f0000000-0000-0000-0000-000000000003', 'a0000009-0000-0000-0000-000000000009', '형이 최고', NOW() - INTERVAL '33 days'),
  -- 서현우 프리킥
  ('f0000000-0000-0000-0000-000000000005', 'a0000012-0000-0000-0000-000000000012', '캡틴 프리킥 예술이다', NOW() - INTERVAL '31 days'),
  ('f0000000-0000-0000-0000-000000000005', 'a0000013-0000-0000-0000-000000000013', 'ㅋㅋ 연습 때보다 더 잘 차네', NOW() - INTERVAL '31 days'),
  -- 최시우 드리블
  ('f0000000-0000-0000-0000-000000000006', 'a0000001-0000-0000-0000-000000000001', '시우 속도 진짜 빠르다 ㄷㄷ', NOW() - INTERVAL '25 days'),
  ('f0000000-0000-0000-0000-000000000006', 'a0000002-0000-0000-0000-000000000002', '윙어 끝판왕', NOW() - INTERVAL '25 days'),
  -- 배준혁 역습골 (최근)
  ('f0000000-0000-0000-0000-000000000011', 'a0000011-0000-0000-0000-000000000011', '준혁아 골 ㄹㅇ 잘 넣었다', NOW() - INTERVAL '1 day'),
  ('f0000000-0000-0000-0000-000000000011', 'a0000013-0000-0000-0000-000000000013', '역습 타이밍 미쳤음', NOW() - INTERVAL '1 day'),
  -- 서현우 킬패스 (최근)
  ('f0000000-0000-0000-0000-000000000015', 'a0000012-0000-0000-0000-000000000012', '패스 봐라 ㄷㄷ', NOW() - INTERVAL '2 days'),
  ('f0000000-0000-0000-0000-000000000015', 'a0000014-0000-0000-0000-000000000014', '형 패스 받으면 그냥 골임', NOW() - INTERVAL '2 days'),
  -- 메달 획득 축하
  ('f0000000-0000-0000-0000-000000000017', 'a0000007-0000-0000-0000-000000000007', '저글링 500 넘기다니 ㅋㅋ 대단해', NOW() - INTERVAL '19 days'),
  ('f0000000-0000-0000-0000-000000000018', 'a0000002-0000-0000-0000-000000000002', '4.38초면 진짜 빠르다', NOW() - INTERVAL '23 days'),
  -- 스탯 등록
  ('f0000000-0000-0000-0000-000000000022', 'a0000013-0000-0000-0000-000000000013', '1000m 4분이면 체력 개좋다', NOW() - INTERVAL '2 days');

-- =============================================
-- 15. v1.2 추가 계정 (부모/코치/스카우터)
-- =============================================
INSERT INTO auth.users (id, instance_id, aud, role, email, encrypted_password, email_confirmed_at, created_at, updated_at, raw_app_meta_data, raw_user_meta_data, confirmation_token, recovery_token, is_super_admin)
VALUES
  ('a0000101-0000-0000-0000-000000000101', '00000000-0000-0000-0000-000000000000', 'authenticated', 'authenticated', 'soyeon.parent@test.footory.kr', crypt('Test1234!', gen_salt('bf')), NOW(), NOW() - INTERVAL '33 days', NOW(), '{"provider":"email","providers":["email"]}', '{}', '', '', false),
  ('a0000102-0000-0000-0000-000000000102', '00000000-0000-0000-0000-000000000000', 'authenticated', 'authenticated', 'jiyoung.parent@test.footory.kr', crypt('Test1234!', gen_salt('bf')), NOW(), NOW() - INTERVAL '29 days', NOW(), '{"provider":"email","providers":["email"]}', '{}', '', '', false),
  ('a0000201-0000-0000-0000-000000000201', '00000000-0000-0000-0000-000000000000', 'authenticated', 'authenticated', 'jinwoo.coach@test.footory.kr', crypt('Test1234!', gen_salt('bf')), NOW(), NOW() - INTERVAL '31 days', NOW(), '{"provider":"email","providers":["email"]}', '{}', '', '', false),
  ('a0000202-0000-0000-0000-000000000202', '00000000-0000-0000-0000-000000000000', 'authenticated', 'authenticated', 'hanseo.scout@test.footory.kr', crypt('Test1234!', gen_salt('bf')), NOW(), NOW() - INTERVAL '28 days', NOW(), '{"provider":"email","providers":["email"]}', '{}', '', '', false),
  ('a0000203-0000-0000-0000-000000000203', '00000000-0000-0000-0000-000000000000', 'authenticated', 'authenticated', 'minho.coach@test.footory.kr', crypt('Test1234!', gen_salt('bf')), NOW(), NOW() - INTERVAL '24 days', NOW(), '{"provider":"email","providers":["email"]}', '{}', '', '', false)
ON CONFLICT (id) DO NOTHING;

INSERT INTO auth.identities (id, user_id, provider_id, identity_data, provider, last_sign_in_at, created_at, updated_at)
SELECT id, id, id, json_build_object('sub', id, 'email', email), 'email', NOW(), NOW(), NOW()
FROM auth.users
WHERE id IN (
  'a0000101-0000-0000-0000-000000000101',
  'a0000102-0000-0000-0000-000000000102',
  'a0000201-0000-0000-0000-000000000201',
  'a0000202-0000-0000-0000-000000000202',
  'a0000203-0000-0000-0000-000000000203'
)
ON CONFLICT (id) DO NOTHING;

UPDATE profiles SET role='parent', handle='parent_soyeon', name='김소연 보호자', birth_year=1987, city='수원', bio='중학생 선수 보호자. 주간 리캡과 팀 소식을 꾸준히 확인합니다.', level=2, xp=95, public_email='soyeon.parent@test.footory.kr', public_phone='010-9001-0101', show_email=true, show_phone=true, followers_count=6, following_count=9, views_count=120, created_at=NOW()-INTERVAL '33 days' WHERE id='a0000101-0000-0000-0000-000000000101';
UPDATE profiles SET role='parent', handle='parent_jiyoung', name='박지영 보호자', birth_year=1988, city='부산', bio='자녀 영상 업로드를 대신 도와주는 보호자 계정.', level=2, xp=80, public_email='jiyoung.parent@test.footory.kr', public_phone='010-9001-0102', show_email=true, show_phone=false, followers_count=4, following_count=7, views_count=94, created_at=NOW()-INTERVAL '29 days' WHERE id='a0000102-0000-0000-0000-000000000102';
UPDATE profiles SET role='coach', handle='coach_jinwoo', name='박진우 코치', birth_year=1984, city='성남', bio='U-15 공격 코치. 전방 압박과 피니시 훈련 전문.', level=3, xp=210, public_email='jinwoo.coach@test.footory.kr', is_verified=true, verified_at=NOW()-INTERVAL '12 days', followers_count=42, following_count=26, views_count=880, created_at=NOW()-INTERVAL '31 days' WHERE id='a0000201-0000-0000-0000-000000000201';
UPDATE profiles SET role='scout', handle='scout_hanseo', name='최한서 스카우터', birth_year=1982, city='서울', bio='중등 선수 관찰 및 포지션별 성장 곡선 분석.', level=3, xp=240, public_email='hanseo.scout@test.footory.kr', is_verified=true, verified_at=NOW()-INTERVAL '10 days', followers_count=35, following_count=31, views_count=730, created_at=NOW()-INTERVAL '28 days' WHERE id='a0000202-0000-0000-0000-000000000202';
UPDATE profiles SET role='coach', handle='coach_minho', name='한민호 코치', birth_year=1989, city='용인', bio='수비 전술 코치. 현재 인증 심사 대기 중.', level=2, xp=70, is_verified=false, followers_count=18, following_count=19, views_count=260, created_at=NOW()-INTERVAL '24 days' WHERE id='a0000203-0000-0000-0000-000000000203';

-- MVP/신규 v1.2 프로필 필드 보강
UPDATE profiles SET mvp_count=2, mvp_tier='rookie', xp=340, height_cm=171, weight_kg=61, preferred_foot='왼발' WHERE id='a0000001-0000-0000-0000-000000000001';
UPDATE profiles SET mvp_count=5, mvp_tier='allstar', xp=520, height_cm=173, weight_kg=64, preferred_foot='오른발' WHERE id='a0000006-0000-0000-0000-000000000006';
UPDATE profiles SET mvp_count=3, mvp_tier='ace', xp=470, height_cm=170, weight_kg=60, preferred_foot='오른발' WHERE id='a0000011-0000-0000-0000-000000000011';
UPDATE profiles SET mvp_count=1, mvp_tier='rookie', xp=300, height_cm=176, weight_kg=67, preferred_foot='오른발' WHERE id='a0000012-0000-0000-0000-000000000012';

-- =============================================
-- 16. 시즌 current team 표시 보강 (v1.2 화면용)
-- =============================================
UPDATE seasons SET team_id='b0000000-0000-0000-0000-000000000001', is_current=true WHERE profile_id IN (
  'a0000001-0000-0000-0000-000000000001','a0000002-0000-0000-0000-000000000002','a0000003-0000-0000-0000-000000000003',
  'a0000004-0000-0000-0000-000000000004','a0000005-0000-0000-0000-000000000005'
) AND year=2025;
UPDATE seasons SET team_id='b0000000-0000-0000-0000-000000000002', is_current=true WHERE profile_id IN (
  'a0000006-0000-0000-0000-000000000006','a0000007-0000-0000-0000-000000000007','a0000008-0000-0000-0000-000000000008',
  'a0000009-0000-0000-0000-000000000009','a0000010-0000-0000-0000-000000000010'
) AND year=2025;
UPDATE seasons SET team_id='b0000000-0000-0000-0000-000000000003', is_current=true WHERE profile_id IN (
  'a0000011-0000-0000-0000-000000000011','a0000012-0000-0000-0000-000000000012','a0000013-0000-0000-0000-000000000013',
  'a0000014-0000-0000-0000-000000000014','a0000015-0000-0000-0000-000000000015'
) AND year=2025;

-- =============================================
-- 17. v1.2 추가 클립/태그/피드 (최근 활동 강화)
-- =============================================
INSERT INTO clips (id, owner_id, uploaded_by, video_url, thumbnail_url, duration_seconds, file_size_bytes, memo, highlight_status, highlight_start, highlight_end, created_at) VALUES
  ('c0000000-0000-0000-0000-000000000036', 'a0000002-0000-0000-0000-000000000002', 'a0000101-0000-0000-0000-000000000101', 'https://videos.pexels.com/video-files/3571264/3571264-hd_1920_1080_30fps.mp4', NULL, 31, 4200000, '부모 업로드: 경기 전개 훈련 영상', 'done', 6, 24, NOW() - INTERVAL '1 day'),
  ('c0000000-0000-0000-0000-000000000037', 'a0000012-0000-0000-0000-000000000012', 'a0000102-0000-0000-0000-000000000102', 'https://videos.pexels.com/video-files/3571264/3571264-hd_1920_1080_30fps.mp4', NULL, 27, 3600000, '부모 업로드: 헤딩 타이밍 훈련', 'done', 4, 22, NOW() - INTERVAL '18 hours'),
  ('c0000000-0000-0000-0000-000000000038', 'a0000007-0000-0000-0000-000000000007', NULL, 'https://videos.pexels.com/video-files/3571264/3571264-hd_1920_1080_30fps.mp4', NULL, 29, 3900000, '중앙 압박 후 탈취 장면 모음', 'done', 5, 24, NOW() - INTERVAL '3 days'),
  ('c0000000-0000-0000-0000-000000000039', 'a0000014-0000-0000-0000-000000000014', NULL, 'https://videos.pexels.com/video-files/3571264/3571264-hd_1920_1080_30fps.mp4', NULL, 24, 3400000, '중원 볼 간수 + 전개 연결', 'done', 4, 20, NOW() - INTERVAL '2 days'),
  ('c0000000-0000-0000-0000-000000000040', 'a0000001-0000-0000-0000-000000000001', NULL, 'https://videos.pexels.com/video-files/3571264/3571264-hd_1920_1080_30fps.mp4', NULL, 35, 5100000, '페널티 박스 앞 턴 동작 후 슈팅', 'done', 7, 30, NOW() - INTERVAL '4 days');

-- 시드 클립 미디어 보정: MVP/피드/팀 화면에서 항상 축구 썸네일/영상이 보이도록 통일
UPDATE clips
SET
  thumbnail_url = CASE (right(id::text, 3)::int % 10)
    WHEN 0 THEN 'https://images.unsplash.com/photo-1574629810360-7efbbe195018?w=960'
    WHEN 1 THEN 'https://images.unsplash.com/photo-1431324155629-1a6deb1dec8d?w=960'
    WHEN 2 THEN 'https://images.unsplash.com/photo-1553778263-73a83bab9b0c?w=960'
    WHEN 3 THEN 'https://images.unsplash.com/photo-1508098682722-e99c43a406b2?w=960'
    WHEN 4 THEN 'https://images.unsplash.com/photo-1579952363873-27f3bade9f55?w=960'
    WHEN 5 THEN 'https://images.unsplash.com/photo-1560272564-c83b66b1ad12?w=960'
    WHEN 6 THEN 'https://images.unsplash.com/photo-1543326727-cf6c39e8f84c?w=960'
    WHEN 7 THEN 'https://images.unsplash.com/photo-1526232761682-d26e03ac148e?w=960'
    WHEN 8 THEN 'https://images.unsplash.com/photo-1459865264687-595d652de67e?w=960'
    ELSE 'https://images.unsplash.com/photo-1600679472829-3044539ce8ed?w=960'
  END,
  video_url = CASE (right(id::text, 3)::int % 8)
    WHEN 0 THEN 'https://assets.mixkit.co/videos/43484/43484-1080.mp4'
    WHEN 1 THEN 'https://assets.mixkit.co/videos/43494/43494-1080.mp4'
    WHEN 2 THEN 'https://assets.mixkit.co/videos/43495/43495-1080.mp4'
    WHEN 3 THEN 'https://assets.mixkit.co/videos/43487/43487-1080.mp4'
    WHEN 4 THEN 'https://assets.mixkit.co/videos/43499/43499-1080.mp4'
    WHEN 5 THEN 'https://assets.mixkit.co/videos/43491/43491-1080.mp4'
    WHEN 6 THEN 'https://assets.mixkit.co/videos/43485/43485-1080.mp4'
    ELSE 'https://assets.mixkit.co/videos/43497/43497-1080.mp4'
  END
WHERE id::text LIKE 'c0000000%';

INSERT INTO clip_tags (clip_id, tag_name, is_top) VALUES
  ('c0000000-0000-0000-0000-000000000036', '전진패스', true),
  ('c0000000-0000-0000-0000-000000000036', '슈팅', false),
  ('c0000000-0000-0000-0000-000000000037', '헤딩경합', true),
  ('c0000000-0000-0000-0000-000000000037', '슈팅', false),
  ('c0000000-0000-0000-0000-000000000038', '1v1 수비', true),
  ('c0000000-0000-0000-0000-000000000038', '전진패스', false),
  ('c0000000-0000-0000-0000-000000000039', '퍼스트터치', true),
  ('c0000000-0000-0000-0000-000000000039', '전진패스', false),
  ('c0000000-0000-0000-0000-000000000040', '슈팅', true),
  ('c0000000-0000-0000-0000-000000000040', '1v1 돌파', false);

INSERT INTO feed_items (id, profile_id, type, reference_id, metadata, created_at) VALUES
  ('f0000000-0000-0000-0000-000000000031', 'a0000002-0000-0000-0000-000000000002', 'highlight', 'c0000000-0000-0000-0000-000000000036', '{"memo":"부모 업로드: 경기 전개 훈련 영상","thumbnail_url":"https://images.unsplash.com/photo-1606925797300-0b35e9d1794e?w=640","tags":["전진패스","슈팅"],"duration":31}', NOW() - INTERVAL '1 day'),
  ('f0000000-0000-0000-0000-000000000032', 'a0000012-0000-0000-0000-000000000012', 'highlight', 'c0000000-0000-0000-0000-000000000037', '{"memo":"부모 업로드: 헤딩 타이밍 훈련","thumbnail_url":"https://images.unsplash.com/photo-1543326727-cf6c39e8f84c?w=640","tags":["헤딩경합","슈팅"],"duration":27}', NOW() - INTERVAL '18 hours'),
  ('f0000000-0000-0000-0000-000000000033', 'a0000007-0000-0000-0000-000000000007', 'highlight', 'c0000000-0000-0000-0000-000000000038', '{"memo":"중앙 압박 후 탈취 장면 모음","thumbnail_url":"https://images.unsplash.com/photo-1575361204480-aadea25e6e68?w=640","tags":["1v1 수비","전진패스"],"duration":29}', NOW() - INTERVAL '3 days'),
  ('f0000000-0000-0000-0000-000000000034', 'a0000014-0000-0000-0000-000000000014', 'highlight', 'c0000000-0000-0000-0000-000000000039', '{"memo":"중원 볼 간수 + 전개 연결","thumbnail_url":"https://images.unsplash.com/photo-1624880357913-a8539238245b?w=640","tags":["퍼스트터치","전진패스"],"duration":24}', NOW() - INTERVAL '2 days'),
  ('f0000000-0000-0000-0000-000000000035', 'a0000001-0000-0000-0000-000000000001', 'highlight', 'c0000000-0000-0000-0000-000000000040', '{"memo":"페널티 박스 앞 턴 동작 후 슈팅","thumbnail_url":"https://images.unsplash.com/photo-1526232761682-d26e03ac148e?w=640","tags":["슈팅","1v1 돌파"],"duration":35}', NOW() - INTERVAL '4 days');

INSERT INTO kudos (feed_item_id, user_id) VALUES
  ('f0000000-0000-0000-0000-000000000031', 'a0000001-0000-0000-0000-000000000001'),
  ('f0000000-0000-0000-0000-000000000031', 'a0000005-0000-0000-0000-000000000005'),
  ('f0000000-0000-0000-0000-000000000031', 'a0000201-0000-0000-0000-000000000201'),
  ('f0000000-0000-0000-0000-000000000032', 'a0000011-0000-0000-0000-000000000011'),
  ('f0000000-0000-0000-0000-000000000032', 'a0000202-0000-0000-0000-000000000202'),
  ('f0000000-0000-0000-0000-000000000033', 'a0000006-0000-0000-0000-000000000006'),
  ('f0000000-0000-0000-0000-000000000033', 'a0000008-0000-0000-0000-000000000008'),
  ('f0000000-0000-0000-0000-000000000034', 'a0000011-0000-0000-0000-000000000011'),
  ('f0000000-0000-0000-0000-000000000035', 'a0000006-0000-0000-0000-000000000006'),
  ('f0000000-0000-0000-0000-000000000035', 'a0000201-0000-0000-0000-000000000201');

INSERT INTO comments (id, feed_item_id, user_id, content, parent_id, created_at) VALUES
  ('ea000000-0000-0000-0000-000000000001', 'f0000000-0000-0000-0000-000000000031', 'a0000001-0000-0000-0000-000000000001', '패스 템포 좋아졌다!', NULL, NOW() - INTERVAL '20 hours'),
  ('ea000000-0000-0000-0000-000000000002', 'f0000000-0000-0000-0000-000000000031', 'a0000101-0000-0000-0000-000000000101', '고마워요! 다음 경기 영상도 올릴게요', 'ea000000-0000-0000-0000-000000000001', NOW() - INTERVAL '19 hours'),
  ('ea000000-0000-0000-0000-000000000003', 'f0000000-0000-0000-0000-000000000032', 'a0000202-0000-0000-0000-000000000202', '공중볼 타점이 안정적이네요', NULL, NOW() - INTERVAL '15 hours'),
  ('ea000000-0000-0000-0000-000000000004', 'f0000000-0000-0000-0000-000000000035', 'a0000201-0000-0000-0000-000000000201', '턴 이후 슈팅까지 연결이 아주 좋습니다', NULL, NOW() - INTERVAL '3 days');

-- =============================================
-- 18. 추가 팔로우 관계 (DM/추천 다양화)
-- =============================================
INSERT INTO follows (follower_id, following_id) VALUES
  ('a0000201-0000-0000-0000-000000000201', 'a0000001-0000-0000-0000-000000000001'),
  ('a0000201-0000-0000-0000-000000000201', 'a0000012-0000-0000-0000-000000000012'),
  ('a0000202-0000-0000-0000-000000000202', 'a0000006-0000-0000-0000-000000000006'),
  ('a0000101-0000-0000-0000-000000000101', 'a0000201-0000-0000-0000-000000000201'),
  ('a0000102-0000-0000-0000-000000000102', 'a0000012-0000-0000-0000-000000000012');

-- v1.2 계정도 팀 화면에서 기본 팀이 보이도록 멤버 연결
INSERT INTO team_members (team_id, profile_id, role) VALUES
  ('b0000000-0000-0000-0000-000000000001', 'a0000101-0000-0000-0000-000000000101', 'member'),
  ('b0000000-0000-0000-0000-000000000003', 'a0000102-0000-0000-0000-000000000102', 'member'),
  ('b0000000-0000-0000-0000-000000000002', 'a0000201-0000-0000-0000-000000000201', 'member'),
  ('b0000000-0000-0000-0000-000000000001', 'a0000203-0000-0000-0000-000000000203', 'member')
ON CONFLICT (team_id, profile_id) DO NOTHING;

-- =============================================
-- 19. 팀 앨범 (공개 팀 페이지용)
-- =============================================
INSERT INTO team_albums (id, team_id, uploaded_by, media_type, media_url, thumbnail_url, created_at) VALUES
  ('eb000000-0000-0000-0000-000000000001', 'b0000000-0000-0000-0000-000000000001', 'a0000001-0000-0000-0000-000000000001', 'photo', 'https://images.unsplash.com/photo-1518091043644-c1d4457512c6?w=960', NULL, NOW() - INTERVAL '11 days'),
  ('eb000000-0000-0000-0000-000000000002', 'b0000000-0000-0000-0000-000000000001', 'a0000002-0000-0000-0000-000000000002', 'video', 'https://assets.mixkit.co/videos/43484/43484-1080.mp4', 'https://images.unsplash.com/photo-1574629810360-7efbbe195018?w=640', NOW() - INTERVAL '8 days'),
  ('eb000000-0000-0000-0000-000000000003', 'b0000000-0000-0000-0000-000000000002', 'a0000006-0000-0000-0000-000000000006', 'photo', 'https://images.unsplash.com/photo-1508098682722-e99c43a406b2?w=960', NULL, NOW() - INTERVAL '9 days'),
  ('eb000000-0000-0000-0000-000000000004', 'b0000000-0000-0000-0000-000000000002', 'a0000007-0000-0000-0000-000000000007', 'video', 'https://assets.mixkit.co/videos/43495/43495-1080.mp4', 'https://images.unsplash.com/photo-1553778263-73a83bab9b0c?w=640', NOW() - INTERVAL '6 days'),
  ('eb000000-0000-0000-0000-000000000005', 'b0000000-0000-0000-0000-000000000003', 'a0000011-0000-0000-0000-000000000011', 'photo', 'https://images.unsplash.com/photo-1459865264687-595d652de67e?w=960', NULL, NOW() - INTERVAL '7 days'),
  ('eb000000-0000-0000-0000-000000000006', 'b0000000-0000-0000-0000-000000000003', 'a0000012-0000-0000-0000-000000000012', 'video', 'https://assets.mixkit.co/videos/43499/43499-1080.mp4', 'https://images.unsplash.com/photo-1600679472829-3044539ce8ed?w=640', NOW() - INTERVAL '2 days');

-- =============================================
-- 20. 부모 연동 + 알림 설정
-- =============================================
INSERT INTO parent_links (id, parent_id, child_id, consent_given, consent_at, created_at) VALUES
  ('e6000000-0000-0000-0000-000000000001', 'a0000101-0000-0000-0000-000000000101', 'a0000002-0000-0000-0000-000000000002', true, NOW() - INTERVAL '18 days', NOW() - INTERVAL '18 days'),
  ('e6000000-0000-0000-0000-000000000002', 'a0000101-0000-0000-0000-000000000101', 'a0000005-0000-0000-0000-000000000005', true, NOW() - INTERVAL '14 days', NOW() - INTERVAL '14 days'),
  ('e6000000-0000-0000-0000-000000000003', 'a0000102-0000-0000-0000-000000000102', 'a0000012-0000-0000-0000-000000000012', true, NOW() - INTERVAL '9 days', NOW() - INTERVAL '9 days'),
  ('e6000000-0000-0000-0000-000000000004', 'a0000102-0000-0000-0000-000000000102', 'a0000011-0000-0000-0000-000000000011', false, NULL, NOW() - INTERVAL '3 days');

INSERT INTO notification_preferences (profile_id, push_enabled, kudos, comments, follows, dm, mentions, vote_open, vote_remind, mvp_result, team_invite, weekly_recap, upload_nudge, quiet_start, quiet_end, updated_at)
SELECT
  id,
  true,
  true,
  true,
  true,
  true,
  true,
  true,
  true,
  true,
  true,
  true,
  false,
  '22:00',
  '08:00',
  NOW()
FROM profiles
WHERE id::text LIKE 'a0000%';

-- =============================================
-- 21. DM 대화/메시지/요청
-- =============================================
INSERT INTO conversations (id, participant_1, participant_2, last_message_at, last_message_preview, created_at) VALUES
  ('e0000000-0000-0000-0000-000000000001', 'a0000001-0000-0000-0000-000000000001', 'a0000006-0000-0000-0000-000000000006', NOW() - INTERVAL '2 hours', '주말 경기 준비 잘 됐어?', NOW() - INTERVAL '20 days'),
  ('e0000000-0000-0000-0000-000000000002', 'a0000001-0000-0000-0000-000000000001', 'a0000011-0000-0000-0000-000000000011', NOW() - INTERVAL '1 hours', '프리킥 폼 좋아 보이더라', NOW() - INTERVAL '15 days'),
  ('e0000000-0000-0000-0000-000000000003', 'a0000001-0000-0000-0000-000000000001', 'a0000201-0000-0000-0000-000000000201', NOW() - INTERVAL '30 minutes', '영상 확인했고 피드백 남겼어요', NOW() - INTERVAL '6 days'),
  ('e0000000-0000-0000-0000-000000000004', 'a0000101-0000-0000-0000-000000000101', 'a0000201-0000-0000-0000-000000000201', NOW() - INTERVAL '3 hours', '학부모입니다. 상담 가능하실까요?', NOW() - INTERVAL '4 days'),
  ('e0000000-0000-0000-0000-000000000005', 'a0000012-0000-0000-0000-000000000012', 'a0000202-0000-0000-0000-000000000202', NOW() - INTERVAL '26 hours', '이번 경기 영상 확인 부탁드립니다', NOW() - INTERVAL '5 days');

INSERT INTO messages (id, conversation_id, sender_id, content, shared_clip_id, is_read, deleted_at, created_at) VALUES
  ('e1000000-0000-0000-0000-000000000001', 'e0000000-0000-0000-0000-000000000001', 'a0000006-0000-0000-0000-000000000006', '이번 주말 경기 선발 나올 것 같아?', NULL, true, NULL, NOW() - INTERVAL '2 days'),
  ('e1000000-0000-0000-0000-000000000002', 'e0000000-0000-0000-0000-000000000001', 'a0000001-0000-0000-0000-000000000001', '응, 감독님이 컨디션 좋으면 선발이라고 하셨어.', NULL, true, NULL, NOW() - INTERVAL '1 days 22 hours'),
  ('e1000000-0000-0000-0000-000000000003', 'e0000000-0000-0000-0000-000000000001', 'a0000006-0000-0000-0000-000000000006', '주말 경기 준비 잘 됐어?', NULL, false, NULL, NOW() - INTERVAL '2 hours'),
  ('e1000000-0000-0000-0000-000000000004', 'e0000000-0000-0000-0000-000000000002', 'a0000011-0000-0000-0000-000000000011', '어제 훈련 영상 봤는데 턴 동작 좋아졌네', NULL, false, NULL, NOW() - INTERVAL '1 day'),
  ('e1000000-0000-0000-0000-000000000005', 'e0000000-0000-0000-0000-000000000002', 'a0000001-0000-0000-0000-000000000001', '고마워! 너 프리킥 루틴도 참고했어', NULL, true, NULL, NOW() - INTERVAL '23 hours'),
  ('e1000000-0000-0000-0000-000000000006', 'e0000000-0000-0000-0000-000000000002', 'a0000011-0000-0000-0000-000000000011', '프리킥 폼 좋아 보이더라', NULL, false, NULL, NOW() - INTERVAL '1 hours'),
  ('e1000000-0000-0000-0000-000000000007', 'e0000000-0000-0000-0000-000000000003', 'a0000001-0000-0000-0000-000000000001', '코치님, 최근 경기 영상 피드백 부탁드립니다.', 'c0000000-0000-0000-0000-000000000040', true, NULL, NOW() - INTERVAL '1 day'),
  ('e1000000-0000-0000-0000-000000000008', 'e0000000-0000-0000-0000-000000000003', 'a0000201-0000-0000-0000-000000000201', '영상 확인했고 피드백 남겼어요', NULL, false, NULL, NOW() - INTERVAL '30 minutes'),
  ('e1000000-0000-0000-0000-000000000009', 'e0000000-0000-0000-0000-000000000004', 'a0000101-0000-0000-0000-000000000101', '학부모입니다. 상담 가능하실까요?', NULL, true, NULL, NOW() - INTERVAL '6 hours'),
  ('e1000000-0000-0000-0000-000000000010', 'e0000000-0000-0000-0000-000000000004', 'a0000201-0000-0000-0000-000000000201', '네, 내일 저녁 8시 이후 가능합니다.', NULL, false, NULL, NOW() - INTERVAL '3 hours'),
  ('e1000000-0000-0000-0000-000000000011', 'e0000000-0000-0000-0000-000000000005', 'a0000012-0000-0000-0000-000000000012', '이번 경기 영상 확인 부탁드립니다', 'c0000000-0000-0000-0000-000000000037', true, NULL, NOW() - INTERVAL '26 hours');

INSERT INTO dm_requests (id, sender_id, receiver_id, preview_message, status, created_at) VALUES
  ('e2000000-0000-0000-0000-000000000001', 'a0000203-0000-0000-0000-000000000203', 'a0000001-0000-0000-0000-000000000001', '수비 라인 컨트롤 관련해서 질문이 있어요.', 'pending', NOW() - INTERVAL '5 hours'),
  ('e2000000-0000-0000-0000-000000000002', 'a0000202-0000-0000-0000-000000000202', 'a0000005-0000-0000-0000-000000000005', '최근 윙 돌파 영상 인상적이었습니다.', 'accepted', NOW() - INTERVAL '10 days'),
  ('e2000000-0000-0000-0000-000000000003', 'a0000009-0000-0000-0000-000000000009', 'a0000011-0000-0000-0000-000000000011', '연습 경기 일정 문의드려요.', 'rejected', NOW() - INTERVAL '6 days'),
  ('e2000000-0000-0000-0000-000000000004', 'a0000102-0000-0000-0000-000000000102', 'a0000201-0000-0000-0000-000000000201', '학부모 상담 가능 시간 문의드립니다.', 'pending', NOW() - INTERVAL '1 day');

-- =============================================
-- 22. 코치 인증/리뷰/워치리스트
-- =============================================
INSERT INTO coach_verifications (id, profile_id, method, document_url, referrer_id, team_code, status, reviewed_by, reviewed_at, created_at) VALUES
  ('e5000000-0000-0000-0000-000000000001', 'a0000201-0000-0000-0000-000000000201', 'team_code', NULL, NULL, 'snam15b', 'approved', 'system_admin', NOW() - INTERVAL '12 days', NOW() - INTERVAL '13 days'),
  ('e5000000-0000-0000-0000-000000000002', 'a0000202-0000-0000-0000-000000000202', 'document', 'https://example.com/scout-license.pdf', NULL, NULL, 'approved', 'system_admin', NOW() - INTERVAL '10 days', NOW() - INTERVAL '11 days'),
  ('e5000000-0000-0000-0000-000000000003', 'a0000203-0000-0000-0000-000000000203', 'referral', NULL, 'a0000201-0000-0000-0000-000000000201', NULL, 'pending', NULL, NULL, NOW() - INTERVAL '2 days');

INSERT INTO coach_reviews (id, coach_id, clip_id, comment, private_note, rating, hidden_by_owner, created_at) VALUES
  ('e3000000-0000-0000-0000-000000000001', 'a0000201-0000-0000-0000-000000000201', 'c0000000-0000-0000-0000-000000000015', '침투 타이밍과 마무리 모두 좋습니다.', '첫 터치 후 슈팅 각도 만드는 동작을 반복하세요.', 'excellent', false, NOW() - INTERVAL '2 days'),
  ('e3000000-0000-0000-0000-000000000002', 'a0000201-0000-0000-0000-000000000201', 'c0000000-0000-0000-0000-000000000029', '박스 안에서의 움직임이 매우 효율적입니다.', '등지는 상황에서 오른발 터치 길이를 조금 줄여보세요.', 'great', false, NOW() - INTERVAL '1 day'),
  ('e3000000-0000-0000-0000-000000000003', 'a0000202-0000-0000-0000-000000000202', 'c0000000-0000-0000-0000-000000000003', '좁은 공간에서 판단이 빠릅니다.', '상대 수비가 붙을 때 패스 페인트를 한 템포 더 길게 가져가도 좋습니다.', 'good', false, NOW() - INTERVAL '16 hours'),
  ('e3000000-0000-0000-0000-000000000004', 'a0000201-0000-0000-0000-000000000201', 'c0000000-0000-0000-0000-000000000011', '속도 유지하면서 슈팅까지 연결한 점이 좋아요.', '골문 앞에서 시야 분배를 더 해보면 득점 루트가 늘어납니다.', 'great', true, NOW() - INTERVAL '3 days');

INSERT INTO scout_watchlist (id, scout_id, player_id, note, notify_on_upload, created_at) VALUES
  ('e4000000-0000-0000-0000-000000000001', 'a0000202-0000-0000-0000-000000000202', 'a0000001-0000-0000-0000-000000000001', '양발 전환 속도와 박스 근처 침투 타이밍이 좋음', true, NOW() - INTERVAL '9 days'),
  ('e4000000-0000-0000-0000-000000000002', 'a0000202-0000-0000-0000-000000000202', 'a0000006-0000-0000-0000-000000000006', '수비 뒷공간 활용 능력 우수, 연속 경기 관찰 필요', false, NOW() - INTERVAL '8 days'),
  ('e4000000-0000-0000-0000-000000000003', 'a0000202-0000-0000-0000-000000000202', 'a0000012-0000-0000-0000-000000000012', '공중볼 경합 능력 강점, 피지컬 성장 추적', true, NOW() - INTERVAL '6 days'),
  ('e4000000-0000-0000-0000-000000000004', 'a0000201-0000-0000-0000-000000000201', 'a0000005-0000-0000-0000-000000000005', '윙 돌파 이후 크로스 선택이 안정적', true, NOW() - INTERVAL '5 days');

-- =============================================
-- 23. 알림 데이터 (센터/배지/그룹핑 확인)
-- =============================================
INSERT INTO notifications (id, user_id, type, title, body, reference_id, read, group_key, action_url, created_at) VALUES
  ('fa000000-0000-0000-0000-000000000001', 'a0000001-0000-0000-0000-000000000001', 'dm', '배준혁님이 메시지를 보냈어요', '주말 경기 준비 잘 됐어?', 'e0000000-0000-0000-0000-000000000001', false, NULL, '/dm/e0000000-0000-0000-0000-000000000001', NOW() - INTERVAL '2 hours'),
  ('fa000000-0000-0000-0000-000000000002', 'a0000001-0000-0000-0000-000000000001', 'coach_review', '코치 리뷰', '📋 박진우 코치가 리뷰를 남겼어요', 'c0000000-0000-0000-0000-000000000015', false, NULL, '/clips/c0000000-0000-0000-0000-000000000015', NOW() - INTERVAL '1 day'),
  ('fa000000-0000-0000-0000-000000000003', 'a0000001-0000-0000-0000-000000000001', 'comment', '댓글 알림', '내 영상에 새 댓글이 달렸어요', 'f0000000-0000-0000-0000-000000000035', false, 'comment:f0000000-0000-0000-0000-000000000035', '/p/minjun_10', NOW() - INTERVAL '4 hours'),
  ('fa000000-0000-0000-0000-000000000004', 'a0000001-0000-0000-0000-000000000001', 'follow', '최한서 스카우터님이 팔로우를 시작했어요', NULL, 'a0000202-0000-0000-0000-000000000202', false, NULL, '/p/scout_hanseo', NOW() - INTERVAL '6 hours'),
  ('fa000000-0000-0000-0000-000000000005', 'a0000001-0000-0000-0000-000000000001', 'kudos', '응원 알림', '회원님 영상에 응원이 4개 도착했어요', 'f0000000-0000-0000-0000-000000000031', true, 'kudos:f0000000-0000-0000-0000-000000000031', '/p/minjun_10', NOW() - INTERVAL '9 hours'),
  ('fa000000-0000-0000-0000-000000000006', 'a0000001-0000-0000-0000-000000000001', 'vote_open', '🏆 이번 주 MVP 투표 시작!', NULL, NULL, true, NULL, '/mvp', NOW() - INTERVAL '4 days'),
  ('fa000000-0000-0000-0000-000000000007', 'a0000001-0000-0000-0000-000000000001', 'mvp_result', 'MVP 집계 업데이트', '현재 2위입니다. 마지막까지 화이팅!', 'c0000000-0000-0000-0000-000000000040', false, NULL, '/mvp', NOW() - INTERVAL '3 hours'),
  ('fa000000-0000-0000-0000-000000000008', 'a0000006-0000-0000-0000-000000000006', 'mvp_win', '축하해요! 이번 주 MVP! 🏆🏆🏆', '강지호 선수가 이번 주 MVP로 선정됐어요', 'c0000000-0000-0000-0000-000000000015', false, NULL, '/mvp', NOW() - INTERVAL '2 hours'),
  ('fa000000-0000-0000-0000-000000000009', 'a0000012-0000-0000-0000-000000000012', 'dm', '최한서 스카우터님이 메시지를 보냈어요', '이번 경기 영상 확인 부탁드립니다', 'e0000000-0000-0000-0000-000000000005', false, NULL, '/dm/e0000000-0000-0000-0000-000000000005', NOW() - INTERVAL '1 day'),
  ('fa000000-0000-0000-0000-000000000010', 'a0000101-0000-0000-0000-000000000101', 'weekly_recap', '주간 리캡 도착', '이번 주 자녀 활동 요약을 확인해보세요', 'a0000002-0000-0000-0000-000000000002', false, NULL, '/?child=a0000002-0000-0000-0000-000000000002', NOW() - INTERVAL '5 hours'),
  ('fa000000-0000-0000-0000-000000000011', 'a0000102-0000-0000-0000-000000000102', 'team_invite', '팀 초대 승인 완료', '부산아이파크 U-15 활동 소식을 받아보세요', 'b0000000-0000-0000-0000-000000000003', false, NULL, '/team/b0000000-0000-0000-0000-000000000003', NOW() - INTERVAL '7 hours'),
  ('fa000000-0000-0000-0000-000000000012', 'a0000201-0000-0000-0000-000000000201', 'verify_request', '코치 인증 추천 요청', '@coach_minho 님이 추천 인증을 요청했습니다', 'a0000203-0000-0000-0000-000000000203', false, NULL, '/profile', NOW() - INTERVAL '1 day'),
  ('fa000000-0000-0000-0000-000000000013', 'a0000202-0000-0000-0000-000000000202', 'watchlist_upload', '워치리스트 업데이트', '김민준 선수가 새 영상을 업로드했어요', 'c0000000-0000-0000-0000-000000000040', false, NULL, '/p/minjun_10', NOW() - INTERVAL '2 hours'),
  ('fa000000-0000-0000-0000-000000000014', 'a0000002-0000-0000-0000-000000000002', 'team_album', '팀 앨범이 업데이트됐어요', '수원FC U-15 새 비디오가 올라왔습니다', 'eb000000-0000-0000-0000-000000000002', true, NULL, '/t/suwon-fc-u15', NOW() - INTERVAL '6 days');

-- =============================================
-- 24. MVP/랭킹 캐시 (v1.2 화면 데이터)
-- =============================================
WITH seed_week AS (
  SELECT date_trunc('week', timezone('Asia/Seoul', NOW()))::date AS ws
)
INSERT INTO weekly_votes (id, voter_id, clip_id, week_start, message, created_at) VALUES
  ('fc000000-0000-0000-0000-000000000001', 'a0000001-0000-0000-0000-000000000001', 'c0000000-0000-0000-0000-000000000029', (SELECT ws FROM seed_week), '피니시가 안정적이네요', NOW() - INTERVAL '2 days'),
  ('fc000000-0000-0000-0000-000000000002', 'a0000001-0000-0000-0000-000000000001', 'c0000000-0000-0000-0000-000000000024', (SELECT ws FROM seed_week), NULL, NOW() - INTERVAL '2 days'),
  ('fc000000-0000-0000-0000-000000000003', 'a0000001-0000-0000-0000-000000000001', 'c0000000-0000-0000-0000-000000000014', (SELECT ws FROM seed_week), '침투 타이밍 최고', NOW() - INTERVAL '1 day'),
  ('fc000000-0000-0000-0000-000000000004', 'a0000002-0000-0000-0000-000000000002', 'c0000000-0000-0000-0000-000000000015', (SELECT ws FROM seed_week), NULL, NOW() - INTERVAL '1 day'),
  ('fc000000-0000-0000-0000-000000000005', 'a0000002-0000-0000-0000-000000000002', 'c0000000-0000-0000-0000-000000000029', (SELECT ws FROM seed_week), NULL, NOW() - INTERVAL '1 day'),
  ('fc000000-0000-0000-0000-000000000006', 'a0000005-0000-0000-0000-000000000005', 'c0000000-0000-0000-0000-000000000015', (SELECT ws FROM seed_week), NULL, NOW() - INTERVAL '20 hours'),
  ('fc000000-0000-0000-0000-000000000007', 'a0000006-0000-0000-0000-000000000006', 'c0000000-0000-0000-0000-000000000040', (SELECT ws FROM seed_week), '턴 동작 인상적', NOW() - INTERVAL '19 hours'),
  ('fc000000-0000-0000-0000-000000000008', 'a0000007-0000-0000-0000-000000000007', 'c0000000-0000-0000-0000-000000000029', (SELECT ws FROM seed_week), NULL, NOW() - INTERVAL '18 hours'),
  ('fc000000-0000-0000-0000-000000000009', 'a0000008-0000-0000-0000-000000000008', 'c0000000-0000-0000-0000-000000000040', (SELECT ws FROM seed_week), NULL, NOW() - INTERVAL '17 hours'),
  ('fc000000-0000-0000-0000-000000000010', 'a0000009-0000-0000-0000-000000000009', 'c0000000-0000-0000-0000-000000000024', (SELECT ws FROM seed_week), NULL, NOW() - INTERVAL '16 hours'),
  ('fc000000-0000-0000-0000-000000000011', 'a0000011-0000-0000-0000-000000000011', 'c0000000-0000-0000-0000-000000000015', (SELECT ws FROM seed_week), NULL, NOW() - INTERVAL '15 hours'),
  ('fc000000-0000-0000-0000-000000000012', 'a0000012-0000-0000-0000-000000000012', 'c0000000-0000-0000-0000-000000000040', (SELECT ws FROM seed_week), NULL, NOW() - INTERVAL '14 hours'),
  ('fc000000-0000-0000-0000-000000000013', 'a0000013-0000-0000-0000-000000000013', 'c0000000-0000-0000-0000-000000000036', (SELECT ws FROM seed_week), NULL, NOW() - INTERVAL '13 hours'),
  ('fc000000-0000-0000-0000-000000000014', 'a0000014-0000-0000-0000-000000000014', 'c0000000-0000-0000-0000-000000000015', (SELECT ws FROM seed_week), NULL, NOW() - INTERVAL '12 hours'),
  ('fc000000-0000-0000-0000-000000000015', 'a0000015-0000-0000-0000-000000000015', 'c0000000-0000-0000-0000-000000000029', (SELECT ws FROM seed_week), NULL, NOW() - INTERVAL '11 hours');

WITH seed_week AS (
  SELECT date_trunc('week', timezone('Asia/Seoul', NOW()))::date AS ws
)
INSERT INTO weekly_votes (id, voter_id, clip_id, week_start, message, created_at) VALUES
  ('fc000000-0000-0000-0000-000000000101', 'a0000003-0000-0000-0000-000000000003', 'c0000000-0000-0000-0000-000000000024', ((SELECT ws FROM seed_week) - INTERVAL '7 days')::date, NULL, NOW() - INTERVAL '8 days'),
  ('fc000000-0000-0000-0000-000000000102', 'a0000004-0000-0000-0000-000000000004', 'c0000000-0000-0000-0000-000000000024', ((SELECT ws FROM seed_week) - INTERVAL '7 days')::date, NULL, NOW() - INTERVAL '8 days'),
  ('fc000000-0000-0000-0000-000000000103', 'a0000005-0000-0000-0000-000000000005', 'c0000000-0000-0000-0000-000000000013', ((SELECT ws FROM seed_week) - INTERVAL '7 days')::date, NULL, NOW() - INTERVAL '8 days'),
  ('fc000000-0000-0000-0000-000000000104', 'a0000006-0000-0000-0000-000000000006', 'c0000000-0000-0000-0000-000000000024', ((SELECT ws FROM seed_week) - INTERVAL '7 days')::date, NULL, NOW() - INTERVAL '8 days'),
  ('fc000000-0000-0000-0000-000000000105', 'a0000007-0000-0000-0000-000000000007', 'c0000000-0000-0000-0000-000000000013', ((SELECT ws FROM seed_week) - INTERVAL '7 days')::date, NULL, NOW() - INTERVAL '8 days'),
  ('fc000000-0000-0000-0000-000000000106', 'a0000011-0000-0000-0000-000000000011', 'c0000000-0000-0000-0000-000000000001', ((SELECT ws FROM seed_week) - INTERVAL '7 days')::date, NULL, NOW() - INTERVAL '8 days');

WITH seed_week AS (
  SELECT date_trunc('week', timezone('Asia/Seoul', NOW()))::date AS ws
)
INSERT INTO weekly_mvp_results (id, week_start, rank, clip_id, profile_id, auto_score, vote_score, total_score, vote_count, created_at) VALUES
  ('fd000000-0000-0000-0000-000000000001', (SELECT ws FROM seed_week), 1, 'c0000000-0000-0000-0000-000000000015', 'a0000006-0000-0000-0000-000000000006', 640, 270, 910, 9, NOW() - INTERVAL '6 hours'),
  ('fd000000-0000-0000-0000-000000000002', (SELECT ws FROM seed_week), 2, 'c0000000-0000-0000-0000-000000000040', 'a0000001-0000-0000-0000-000000000001', 620, 250, 870, 7, NOW() - INTERVAL '6 hours'),
  ('fd000000-0000-0000-0000-000000000003', (SELECT ws FROM seed_week), 3, 'c0000000-0000-0000-0000-000000000029', 'a0000012-0000-0000-0000-000000000012', 590, 240, 830, 6, NOW() - INTERVAL '6 hours'),
  ('fd000000-0000-0000-0000-000000000101', ((SELECT ws FROM seed_week) - INTERVAL '7 days')::date, 1, 'c0000000-0000-0000-0000-000000000024', 'a0000011-0000-0000-0000-000000000011', 650, 250, 900, 8, NOW() - INTERVAL '7 days'),
  ('fd000000-0000-0000-0000-000000000102', ((SELECT ws FROM seed_week) - INTERVAL '7 days')::date, 2, 'c0000000-0000-0000-0000-000000000013', 'a0000006-0000-0000-0000-000000000006', 630, 230, 860, 6, NOW() - INTERVAL '7 days'),
  ('fd000000-0000-0000-0000-000000000103', ((SELECT ws FROM seed_week) - INTERVAL '7 days')::date, 3, 'c0000000-0000-0000-0000-000000000001', 'a0000001-0000-0000-0000-000000000001', 560, 230, 790, 4, NOW() - INTERVAL '7 days');

INSERT INTO player_ranking_cache (profile_id, popularity_score, weekly_change, updated_at) VALUES
  ('a0000006-0000-0000-0000-000000000006', 980, 52, NOW()),
  ('a0000001-0000-0000-0000-000000000001', 910, 35, NOW()),
  ('a0000011-0000-0000-0000-000000000011', 870, 31, NOW()),
  ('a0000012-0000-0000-0000-000000000012', 845, 27, NOW()),
  ('a0000005-0000-0000-0000-000000000005', 810, 24, NOW()),
  ('a0000002-0000-0000-0000-000000000002', 780, 18, NOW()),
  ('a0000007-0000-0000-0000-000000000007', 740, 15, NOW()),
  ('a0000009-0000-0000-0000-000000000009', 690, 12, NOW()),
  ('a0000013-0000-0000-0000-000000000013', 670, 11, NOW()),
  ('a0000014-0000-0000-0000-000000000014', 650, 10, NOW()),
  ('a0000003-0000-0000-0000-000000000003', 640, 8, NOW()),
  ('a0000008-0000-0000-0000-000000000008', 620, 7, NOW()),
  ('a0000004-0000-0000-0000-000000000004', 590, 5, NOW()),
  ('a0000010-0000-0000-0000-000000000010', 560, 4, NOW()),
  ('a0000015-0000-0000-0000-000000000015', 540, 3, NOW());

INSERT INTO team_ranking_cache (team_id, activity_score, mvp_count, updated_at) VALUES
  ('b0000000-0000-0000-0000-000000000002', 1240, 7, NOW()),
  ('b0000000-0000-0000-0000-000000000001', 1170, 5, NOW()),
  ('b0000000-0000-0000-0000-000000000003', 1120, 4, NOW());

-- =============================================
-- 25. 챌린지 + 퀘스트 진행도
-- =============================================
WITH seed_week AS (
  SELECT date_trunc('week', timezone('Asia/Seoul', NOW()))::date AS ws
)
INSERT INTO challenges (id, title, description, skill_tag, week_start, is_active, created_at) VALUES
  ('e7000000-0000-0000-0000-000000000001', '원터치 피니시 챌린지', '박스 안에서 원터치 슈팅 장면을 올려보세요!', '슈팅', (SELECT ws FROM seed_week), true, NOW() - INTERVAL '4 days'),
  ('e7000000-0000-0000-0000-000000000002', '전개 패스 챌린지', '수비 라인을 흔드는 전진패스를 기록해보세요.', '전진패스', ((SELECT ws FROM seed_week) - INTERVAL '7 days')::date, false, NOW() - INTERVAL '12 days');

WITH week_key AS (
  SELECT to_char(date_trunc('week', timezone('Asia/Seoul', NOW()))::date, 'YYYY-MM-DD') AS k
)
INSERT INTO quest_progress (id, profile_id, quest_type, quest_key, completed_at, created_at) VALUES
  ('e8000000-0000-0000-0000-000000000001', 'a0000001-0000-0000-0000-000000000001', 'onboarding', 'profile_photo', NOW() - INTERVAL '30 days', NOW() - INTERVAL '30 days'),
  ('e8000000-0000-0000-0000-000000000002', 'a0000001-0000-0000-0000-000000000001', 'onboarding', 'first_upload', NOW() - INTERVAL '29 days', NOW() - INTERVAL '29 days'),
  ('e8000000-0000-0000-0000-000000000003', 'a0000001-0000-0000-0000-000000000001', 'onboarding', 'first_follow', NOW() - INTERVAL '28 days', NOW() - INTERVAL '28 days'),
  ('e8000000-0000-0000-0000-000000000004', 'a0000001-0000-0000-0000-000000000001', 'onboarding', 'first_kudos', NOW() - INTERVAL '27 days', NOW() - INTERVAL '27 days'),
  ('e8000000-0000-0000-0000-000000000005', 'a0000001-0000-0000-0000-000000000001', 'onboarding', 'first_dm', NULL, NOW() - INTERVAL '1 day'),
  ('e8000000-0000-0000-0000-000000000006', 'a0000001-0000-0000-0000-000000000001', 'weekly', 'weekly_upload_' || (SELECT k FROM week_key), NOW() - INTERVAL '1 day', NOW() - INTERVAL '1 day'),
  ('e8000000-0000-0000-0000-000000000007', 'a0000001-0000-0000-0000-000000000001', 'weekly', 'weekly_vote_' || (SELECT k FROM week_key), NOW() - INTERVAL '10 hours', NOW() - INTERVAL '10 hours'),
  ('e8000000-0000-0000-0000-000000000008', 'a0000001-0000-0000-0000-000000000001', 'weekly', 'weekly_kudos_' || (SELECT k FROM week_key), NULL, NOW() - INTERVAL '8 hours'),
  ('e8000000-0000-0000-0000-000000000101', 'a0000006-0000-0000-0000-000000000006', 'onboarding', 'profile_photo', NOW() - INTERVAL '40 days', NOW() - INTERVAL '40 days'),
  ('e8000000-0000-0000-0000-000000000102', 'a0000006-0000-0000-0000-000000000006', 'onboarding', 'first_upload', NOW() - INTERVAL '39 days', NOW() - INTERVAL '39 days'),
  ('e8000000-0000-0000-0000-000000000103', 'a0000006-0000-0000-0000-000000000006', 'onboarding', 'first_follow', NOW() - INTERVAL '39 days', NOW() - INTERVAL '39 days'),
  ('e8000000-0000-0000-0000-000000000104', 'a0000006-0000-0000-0000-000000000006', 'onboarding', 'first_kudos', NOW() - INTERVAL '38 days', NOW() - INTERVAL '38 days'),
  ('e8000000-0000-0000-0000-000000000105', 'a0000006-0000-0000-0000-000000000006', 'onboarding', 'first_dm', NOW() - INTERVAL '37 days', NOW() - INTERVAL '37 days'),
  ('e8000000-0000-0000-0000-000000000106', 'a0000006-0000-0000-0000-000000000006', 'onboarding', 'onboarding_complete', NOW() - INTERVAL '37 days', NOW() - INTERVAL '37 days'),
  ('e8000000-0000-0000-0000-000000000107', 'a0000006-0000-0000-0000-000000000006', 'weekly', 'weekly_upload_' || (SELECT k FROM week_key), NOW() - INTERVAL '2 days', NOW() - INTERVAL '2 days'),
  ('e8000000-0000-0000-0000-000000000108', 'a0000006-0000-0000-0000-000000000006', 'weekly', 'weekly_vote_' || (SELECT k FROM week_key), NOW() - INTERVAL '1 day', NOW() - INTERVAL '1 day'),
  ('e8000000-0000-0000-0000-000000000109', 'a0000006-0000-0000-0000-000000000006', 'weekly', 'weekly_kudos_' || (SELECT k FROM week_key), NOW() - INTERVAL '18 hours', NOW() - INTERVAL '18 hours'),
  ('e8000000-0000-0000-0000-000000000110', 'a0000006-0000-0000-0000-000000000006', 'weekly', 'weekly_bonus_' || (SELECT k FROM week_key), NOW() - INTERVAL '17 hours', NOW() - INTERVAL '17 hours');

-- =============================================
-- 26. 안전 기능 샘플 데이터
-- =============================================
INSERT INTO blocks (id, blocker_id, blocked_id, created_at) VALUES
  ('e9000000-0000-0000-0000-000000000001', 'a0000009-0000-0000-0000-000000000009', 'a0000003-0000-0000-0000-000000000003', NOW() - INTERVAL '3 days');

INSERT INTO reports (id, reporter_id, reported_id, message_id, comment_id, clip_id, category, description, status, created_at) VALUES
  ('ea100000-0000-0000-0000-000000000001', 'a0000009-0000-0000-0000-000000000009', 'a0000003-0000-0000-0000-000000000003', NULL, NULL, 'c0000000-0000-0000-0000-000000000007', 'abuse', '반복적인 비방성 댓글', 'pending', NOW() - INTERVAL '2 days');

-- =============================================
-- DONE! 시드 데이터 삽입 완료 (v1.2 확장 포함)
-- =============================================
